ra_deg,dec_deg,Field Name,l,b,program_id,last_scheduled_mjd
0.0,-90.0,0_0,302.9319252554167,-27.128252414968014,1,0.0
0.0,-85.32467532467533,0_2,304.1534124825223,-31.680995142693835,1,0.0
45.0,-85.32467532467533,2_2,300.03044536897534,-31.05705939450088,1,0.0
90.0,-85.32467532467533,4_2,297.7647781168062,-28.074005794810972,1,0.0
135.0,-85.32467532467533,6_2,298.57946257572985,-24.57438382318309,1,0.0
180.0,-85.32467532467533,8_2,301.8062903609383,-22.565770980056847,1,0.0
225.0,-85.32467532467533,10_2,305.634881196598,-23.143894509609822,1,0.0
270.0,-85.32467532467533,12_2,308.0040939174667,-25.99683549667495,1,0.0
315.0,-85.32467532467533,14_2,307.48203804639047,-29.541832403611785,1,0.0
0.0,-80.64935064935065,0_4,305.5009599058609,-36.220898005258825,1,0.0
25.714285714285715,-80.64935064935065,2_4,300.3638023666418,-36.22108427093831,1,0.0
51.42857142857143,-80.64935064935065,4_4,295.89170205601425,-34.26233361703844,1,0.0
77.14285714285714,-80.64935064935065,6_4,293.11542257620397,-30.84188173969767,1,0.0
102.85714285714286,-80.64935064935065,8_4,292.449655846768,-26.739244862620673,1,0.0
128.57142857142858,-80.64935064935065,10_4,293.79623468136697,-22.779756076181332,1,0.0
154.28571428571428,-80.64935064935065,12_4,296.755145698442,-19.686555580059338,1,0.0
180.0,-80.64935064935065,14_4,300.75296637267485,-17.99595648551571,1,0.0
205.71428571428572,-80.64935064935065,16_4,305.11010382033317,-17.995798487350484,1,0.0
231.42857142857142,-80.64935064935065,18_4,309.1080537580638,-19.686108399223443,1,0.0
257.14285714285717,-80.64935064935065,20_4,312.06720960799584,-22.779096180244117,1,0.0
282.85714285714283,-80.64935064935065,22_4,313.4141241809672,-26.73848870226572,1,0.0
308.57142857142856,-80.64935064935065,24_4,312.7487438626089,-30.841173105119175,1,0.0
334.2857142857143,-80.64935064935065,26_4,309.9728288418912,-34.26182416965162,1,0.0
0.0,-75.97402597402598,0_6,307.01457843486037,-40.743829652627575,1,0.0
17.5609756097561,-75.97402597402598,2_6,301.42136917993287,-41.099021147272225,1,0.0
35.1219512195122,-75.97402597402598,4_6,296.05373562628955,-39.94182793364349,1,0.0
52.6829268292683,-75.97402597402598,6_6,291.6574632875021,-37.44868176584516,1,0.0
70.2439024390244,-75.97402597402598,8_6,288.68317566866136,-33.96254523635548,1,0.0
87.8048780487805,-75.97402597402598,10_6,287.2697101807635,-29.895168454369767,1,0.0
105.3658536585366,-75.97402597402598,12_6,287.35029902337,-25.65533084422991,1,0.0
122.9268292682927,-75.97402597402598,14_6,288.7578948207821,-21.615585661642353,1,0.0
140.4878048780488,-75.97402597402598,16_6,291.2813887436619,-18.101232869842224,1,0.0
158.0487804878049,-75.97402597402598,18_6,294.68161092315154,-15.384243062077347,1,0.0
175.609756097561,-75.97402597402598,20_6,298.69013743562186,-13.673683698467107,1,0.0
193.1707317073171,-75.97402597402598,22_6,303.0093772918757,-13.102465620895432,1,0.0
210.7317073170732,-75.97402597402598,24_6,307.3229500815087,-13.715382242192668,1,0.0
228.2926829268293,-75.97402597402598,26_6,311.3148449142583,-15.464379505457106,1,0.0
245.8536585365854,-75.97402597402598,28_6,314.68839566516186,-18.21361600407506,1,0.0
263.4146341463415,-75.97402597402598,30_6,317.1762600570092,-21.75157909866986,1,0.0
280.9756097560976,-75.97402597402598,32_6,318.54024510574754,-25.804273456381264,1,0.0
298.5365853658537,-75.97402597402598,34_6,318.57035969701275,-30.04462668550643,1,0.0
316.0975609756098,-75.97402597402598,36_6,317.10184957720713,-34.09854056508634,1,0.0
333.6585365853659,-75.97402597402598,38_6,314.0731908364974,-37.5563683281285,1,0.0
351.219512195122,-75.97402597402598,40_6,309.63276044837943,-40.00732688500901,1,0.0
0.0,-71.2987012987013,0_8,308.748947861626,-45.24410232566306,1,0.0
13.584905660377359,-71.2987012987013,2_8,302.598133683128,-45.82767044980736,1,0.0
27.169811320754718,-71.2987012987013,4_8,296.48469405489516,-45.1061557932055,1,0.0
40.75471698113208,-71.2987012987013,6_8,291.0632022421277,-43.16584564076371,1,0.0
54.339622641509436,-71.2987012987013,8_8,286.78350268873083,-40.217983575554456,1,0.0
67.9245283018868,-71.2987012987013,10_8,283.8363685930544,-36.53544757497405,1,0.0
81.50943396226415,-71.2987012987013,12_8,282.2191882104471,-32.39812043146481,1,0.0
95.09433962264151,-71.2987012987013,14_8,281.83008501140955,-28.064492858249928,1,0.0
108.67924528301887,-71.2987012987013,16_8,282.5342838435983,-23.76421627048633,1,0.0
122.26415094339623,-71.2987012987013,18_8,284.195039947923,-19.700380315863566,1,0.0
135.8490566037736,-71.2987012987013,20_8,286.6805830175822,-16.053458480334793,1,0.0
149.43396226415095,-71.2987012987013,22_8,289.85907683690505,-12.982921932184315,1,0.0
163.0188679245283,-71.2987012987013,24_8,293.5899154339275,-10.625193421756162,1,0.0
176.60377358490567,-71.2987012987013,26_8,297.71685294587417,-9.088307245180614,1,0.0
190.18867924528303,-71.2987012987013,28_8,302.06646902605104,-8.444908070457421,1,0.0
203.77358490566039,-71.2987012987013,30_8,306.4531884009672,-8.726034728951957,1,0.0
217.35849056603774,-71.2987012987013,32_8,310.68922355940356,-9.918076334407917,1,0.0
230.9433962264151,-71.2987012987013,34_8,314.595435852744,-11.964136164256391,1,0.0
244.52830188679246,-71.2987012987013,36_8,318.00864459476725,-14.769244546313532,1,0.0
258.1132075471698,-71.2987012987013,38_8,320.7826751570829,-18.20736413351773,1,0.0
271.6981132075472,-71.2987012987013,40_8,322.7832797558793,-22.12763678445451,1,0.0
285.28301886792457,-71.2987012987013,42_8,323.8796150578224,-26.357845623581802,1,0.0
298.8679245283019,-71.2987012987013,44_8,323.93695581011394,-30.704189360466774,1,0.0
312.45283018867923,-71.2987012987013,46_8,322.8176958185329,-34.947955171173966,1,0.0
326.0377358490566,-71.2987012987013,48_8,320.4012343115497,-38.84187511628357,1,0.0
339.62264150943395,-71.2987012987013,50_8,316.6356268907575,-42.11250214803307,1,0.0
353.20754716981133,-71.2987012987013,52_8,311.62424792086574,-44.47907082416219,1,0.0
0.0,-66.62337662337663,0_10,310.7812350477365,-49.71361134049511,1,0.0
11.25,-66.62337662337663,2_10,303.93564301822465,-50.492327280109784,1,0.0
22.5,-66.62337662337663,4_10,296.9913981608577,-50.057741623524215,1,0.0
33.75,-66.62337662337663,6_10,290.6136467420523,-48.45763687091363,1,0.0
45.0,-66.62337662337663,8_10,285.29021953674066,-45.85348266615938,1,0.0
56.25,-66.62337662337663,10_10,281.2469060619755,-42.46703493334897,1,0.0
67.5,-66.62337662337663,12_10,278.4985946820151,-38.52890226543859,1,0.0
78.75,-66.62337662337663,14_10,276.9468219750247,-34.249627207188915,1,0.0
90.0,-66.62337662337663,16_10,276.45620304554035,-29.81139481865093,1,0.0
101.25,-66.62337662337663,18_10,276.89490227694733,-25.370709985043163,1,0.0
112.5,-66.62337662337663,20_10,278.14901140927867,-21.064512471604466,1,0.0
123.74999999999999,-66.62337662337663,22_10,280.12286658640465,-17.015899644835734,1,0.0
135.0,-66.62337662337663,24_10,282.7330530598644,-13.337945992606778,1,0.0
146.25,-66.62337662337663,26_10,285.90019779278015,-10.135153648807803,1,0.0
157.5,-66.62337662337663,28_10,289.540798758232,-7.5025108195706105,1,0.0
168.75,-66.62337662337663,30_10,293.56070723260746,-5.522444177807884,1,0.0
180.0,-66.62337662337663,32_10,297.85168190124824,-4.260327894102502,1,0.0
191.25,-66.62337662337663,34_10,302.2920207961417,-3.759628287959666,1,0.0
202.5,-66.62337662337663,36_10,306.7513073536443,-4.038017177828481,1,0.0
213.75,-66.62337662337663,38_10,311.0979511264483,-5.085637852202609,1,0.0
225.0,-66.62337662337663,40_10,315.2071129632595,-6.866083315710855,1,0.0
236.25,-66.62337662337663,42_10,318.9664450507077,-9.319768762739486,1,0.0
247.49999999999997,-66.62337662337663,44_10,322.2779526485218,-12.368648592381271,1,0.0
258.75,-66.62337662337663,46_10,325.0556434366693,-15.920938273196674,1,0.0
270.0,-66.62337662337663,48_10,327.2197533417268,-19.874661306327425,1,0.0
281.25,-66.62337662337663,50_10,328.68889419222296,-24.119237251016163,1,0.0
292.5,-66.62337662337663,52_10,329.37167076638497,-28.53472664610526,1,0.0
303.75,-66.62337662337663,54_10,329.1597458406397,-32.98866729951572,1,0.0
315.0,-66.62337662337663,56_10,327.9257540197788,-37.33080546286266,1,0.0
326.25,-66.62337662337663,58_10,325.53259022342917,-41.386833896119256,1,0.0
337.5,-66.62337662337663,60_10,321.8650566541919,-44.95413921476474,1,0.0
348.75,-66.62337662337663,62_10,316.8958224720345,-47.80596666270741,1,0.0
0.0,-61.94805194805195,0_12,313.2241140076357,-54.14036728964067,1,0.0
9.6,-61.94805194805195,2_12,305.6113910400873,-55.1123182743335,1,0.0
19.2,-61.94805194805195,4_12,297.7466860251659,-54.92412871138418,1,0.0
28.799999999999997,-61.94805194805195,6_12,290.3621672272288,-53.59655268327023,1,0.0
38.4,-61.94805194805195,8_12,284.02438930564585,-51.26541073689923,1,0.0
48.0,-61.94805194805195,10_12,279.00597196191063,-48.13082138496276,1,0.0
57.599999999999994,-61.94805194805195,12_12,275.3293370922239,-44.40315747283857,1,0.0
67.19999999999999,-61.94805194805195,14_12,272.88003858598694,-40.2713502814134,1,0.0
76.8,-61.94805194805195,16_12,271.49967672371105,-35.89348436828635,1,0.0
86.39999999999999,-61.94805194805195,18_12,271.0359528076232,-31.399518766000632,1,0.0
96.0,-61.94805194805195,20_12,271.3614858315515,-26.897983108990996,1,0.0
105.6,-61.94805194805195,22_12,272.37641859337066,-22.48267890612242,1,0.0
115.19999999999999,-61.94805194805195,24_12,274.00424461681166,-18.238030208038413,1,0.0
124.8,-61.94805194805195,26_12,276.185369017648,-14.24282922522034,1,0.0
134.39999999999998,-61.94805194805195,28_12,278.8702102896754,-10.572442053137443,1,0.0
144.0,-61.94805194805195,30_12,282.0124974353326,-7.299566450234336,1,0.0
153.6,-61.94805194805195,32_12,285.5631080539313,-4.493607273385449,1,0.0
163.2,-61.94805194805195,34_12,289.4648871396215,-2.218765814974305,1,0.0
172.79999999999998,-61.94805194805195,36_12,293.649097057952,-0.5310714296288395,1,0.0
182.39999999999998,-61.94805194805195,38_12,298.0342333897295,0.5251943058603984,1,0.0
192.0,-61.94805194805195,40_12,302.52769652951787,0.9209972878179985,1,0.0
201.59999999999997,-61.94805194805195,42_12,307.03017631341476,0.6451771176928361,1,0.0
211.2,-61.94805194805195,44_12,311.4417804161054,-0.2944723514587982,1,0.0
220.79999999999998,-61.94805194805195,46_12,315.6683176152987,-1.8719617951892715,1,0.0
230.39999999999998,-61.94805194805195,48_12,319.6260890765337,-4.045497313288406,1,0.0
239.99999999999997,-61.94805194805195,50_12,323.24407950255124,-6.760882324020076,1,0.0
249.6,-61.94805194805195,52_12,326.4632618446235,-9.955135700886556,1,0.0
259.19999999999993,-61.94805194805195,54_12,329.23341875634117,-13.559609255272166,1,0.0
268.79999999999995,-61.94805194805195,56_12,331.508200215387,-17.502110065837353,1,0.0
278.4,-61.94805194805195,58_12,333.23909890807045,-21.707764788760876,1,0.0
288.0,-61.94805194805195,60_12,334.36881952836075,-26.098513960161128,1,0.0
297.59999999999997,-61.94805194805195,62_12,334.82438428700294,-30.591171371649505,1,0.0
307.2,-61.94805194805195,64_12,334.51052765898953,-35.09396171583003,1,0.0
316.8,-61.94805194805195,66_12,333.3048908579143,-39.501454462704736,1,0.0
326.4,-61.94805194805195,68_12,331.05889270117893,-43.68805203884785,1,0.0
335.99999999999994,-61.94805194805195,70_12,327.61267227682225,-47.50110163169595,1,0.0
345.59999999999997,-61.94805194805195,72_12,322.838342034122,-50.756993858804435,1,0.0
355.2,-61.94805194805195,74_12,316.72531314270464,-53.24761863752135,1,0.0
0.0,-57.27272727272727,0_14,316.24824812613343,-58.50587370459004,1,0.0
8.372093023255815,-57.27272727272727,2_14,307.73946482420394,-59.68766397459565,1,0.0
16.74418604651163,-57.27272727272727,4_14,298.7649879190393,-59.72962998238486,1,0.0
25.11627906976744,-57.27272727272727,6_14,290.1957837560864,-58.62677520022047,1,0.0
33.48837209302326,-57.27272727272727,8_14,282.74240914443357,-56.50257198664444,1,0.0
41.86046511627907,-57.27272727272727,10_14,276.7490991864206,-53.55518370571792,1,0.0
50.23255813953488,-57.27272727272727,12_14,272.23609274272525,-49.99415625391428,1,0.0
58.6046511627907,-57.27272727272727,14_14,269.0507670430767,-46.00319953838879,1,0.0
66.97674418604652,-57.27272727272727,16_14,266.99081201448433,-41.730039849037304,1,0.0
75.34883720930233,-57.27272727272727,18_14,265.86711525447066,-37.29032056309002,1,0.0
83.72093023255815,-57.27272727272727,20_14,265.5251874625281,-32.77553814023329,1,0.0
92.09302325581396,-57.27272727272727,22_14,265.84691231236724,-28.26058372422142,1,0.0
100.46511627906976,-57.27272727272727,24_14,266.74521955568827,-23.809671600087672,1,0.0
108.83720930232558,-57.27272727272727,26_14,268.15719704682704,-19.480660453112147,1,0.0
117.2093023255814,-57.27272727272727,28_14,270.03755217495524,-15.328070738257809,1,0.0
125.58139534883723,-57.27272727272727,30_14,272.3528255161206,-11.405074417156756,1,0.0
133.95348837209303,-57.27272727272727,32_14,275.0762422572798,-7.76462716764051,1,0.0
142.32558139534882,-57.27272727272727,34_14,278.1829989331067,-4.459812551243437,1,0.0
150.69767441860466,-57.27272727272727,36_14,281.64588689776207,-1.5434022829877576,1,0.0
159.06976744186048,-57.27272727272727,38_14,285.4313526503597,0.9333768071956263,1,0.0
167.4418604651163,-57.27272727272727,40_14,289.49632644134925,2.9228272294465536,1,0.0
175.8139534883721,-57.27272727272727,42_14,293.78633310119756,4.383355971506492,1,0.0
184.18604651162792,-57.27272727272727,44_14,298.23542279577066,5.282315782086738,1,0.0
192.55813953488374,-57.27272727272727,46_14,302.76822909120057,5.598637200942862,1,0.0
200.93023255813952,-57.27272727272727,48_14,307.30397917181966,5.324719456548571,1,0.0
209.30232558139537,-57.27272727272727,50_14,311.7617043416742,4.467150179943546,1,0.0
217.67441860465115,-57.27272727272727,52_14,316.06549507025807,3.04608046787807,1,0.0
226.046511627907,-57.27272727272727,54_14,320.148629217127,1.0934062193134726,1,0.0
234.4186046511628,-57.27272727272727,56_14,323.9557833876708,-1.349828096423841,1,0.0
242.7906976744186,-57.27272727272727,58_14,327.4431110516199,-4.236272956409585,1,0.0
251.16279069767447,-57.27272727272727,60_14,330.57646755359747,-7.514880976631961,1,0.0
259.5348837209303,-57.27272727272727,62_14,333.32831237774644,-11.13294104890947,1,0.0
267.90697674418607,-57.27272727272727,64_14,335.6738110124461,-15.037367916631514,1,0.0
276.27906976744185,-57.27272727272727,66_14,337.5864837972542,-19.17519891210557,1,0.0
284.65116279069764,-57.27272727272727,68_14,339.033518216007,-23.493305862208608,1,0.0
293.02325581395354,-57.27272727272727,70_14,339.9706579593272,-27.93732090105236,1,0.0
301.3953488372093,-57.27272727272727,72_14,340.3364690049019,-32.44971281013897,1,0.0
309.7674418604651,-57.27272727272727,74_14,340.04585174431566,-36.96685172760463,1,0.0
318.13953488372096,-57.27272727272727,76_14,338.9831410288069,-41.41479254764229,1,0.0
326.5116279069768,-57.27272727272727,78_14,336.996542829084,-45.70346923153629,1,0.0
334.8837209302326,-57.27272727272727,80_14,333.8990612182864,-49.71925174931634,1,0.0
343.25581395348837,-57.27272727272727,82_14,329.4878787616695,-53.3169442021815,1,0.0
351.6279069767442,-57.27272727272727,84_14,323.60342199171504,-56.3153338705945,1,0.0
0.0,-52.5974025974026,0_16,320.1224271094019,-62.78019877429674,1,0.0
7.499999999999999,-52.5974025974026,2_16,310.4269005415435,-64.21776109136474,1,0.0
14.999999999999998,-52.5974025974026,4_16,299.913287738434,-64.4806374510485,1,0.0
22.5,-52.5974025974026,6_16,289.73918669317493,-63.53190253073011,1,0.0
29.999999999999996,-52.5974025974026,8_16,280.89824450629607,-61.49873547471761,1,0.0
37.49999999999999,-52.5974025974026,10_16,273.8455709294259,-58.604496917136835,1,0.0
45.0,-52.5974025974026,12_16,268.5622025603084,-55.081732382713724,1,0.0
52.5,-52.5974025974026,14_16,264.8038369140351,-51.12481592784628,1,0.0
59.99999999999999,-52.5974025974026,16_16,262.2839248943481,-46.88118887413491,1,0.0
67.5,-52.5974025974026,18_16,260.75266437910426,-42.45951892630065,1,0.0
74.99999999999999,-52.5974025974026,20_16,260.01577506540787,-37.9408439769346,1,0.0
82.5,-52.5974025974026,22_16,259.9299300576289,-33.38784200255211,1,0.0
90.0,-52.5974025974026,24_16,260.3923417723228,-28.851527790032588,1,0.0
97.49999999999999,-52.5974025974026,26_16,261.3307279533077,-24.375875970375994,1,0.0
105.0,-52.5974025974026,28_16,262.69519321250266,-20.00099054905425,1,0.0
112.49999999999999,-52.5974025974026,30_16,264.4519651487398,-15.765291116546917,1,0.0
119.99999999999999,-52.5974025974026,32_16,266.57851155080215,-11.707016563757177,1,0.0
127.49999999999999,-52.5974025974026,34_16,269.05954609585024,-7.865213246120133,1,0.0
135.0,-52.5974025974026,36_16,271.8835232547338,-4.280276932235162,1,0.0
142.5,-52.5974025974026,38_16,275.03934690526904,-0.9940491640826418,1,0.0
149.99999999999997,-52.5974025974026,40_16,278.51316002798734,1.9505738938305044,1,0.0
157.5,-52.5974025974026,42_16,282.285250942234,4.510574098177254,1,0.0
165.0,-52.5974025974026,44_16,286.32730096278385,6.644311667136525,1,0.0
172.49999999999997,-52.5974025974026,46_16,290.600376275084,8.313543823675671,1,0.0
180.0,-52.5974025974026,48_16,295.05416411868555,9.485793042240402,1,0.0
187.5,-52.5974025974026,50_16,299.62788326606835,10.136760537304367,1,0.0
194.99999999999997,-52.5974025974026,52_16,304.25300987288534,10.252381110242997,1,0.0
202.49999999999997,-52.5974025974026,54_16,308.85750127884506,9.830112112090365,1,0.0
210.0,-52.5974025974026,56_16,313.3707418911548,8.879174336309264,1,0.0
217.49999999999997,-52.5974025974026,58_16,317.7281931838844,7.419689946119831,1,0.0
224.99999999999997,-52.5974025974026,60_16,321.8748305803383,5.480910784021435,1,0.0
232.5,-52.5974025974026,62_16,325.7668400471909,3.098906352637657,1,0.0
239.99999999999997,-52.5974025974026,64_16,329.3715319889041,0.31413152929499033,1,0.0
247.49999999999997,-52.5974025974026,66_16,332.6658052656912,-2.8307708130529123,1,0.0
254.99999999999997,-52.5974025974026,68_16,335.63365642788204,-6.292704782888717,1,0.0
262.49999999999994,-52.5974025974026,70_16,338.26319369074986,-10.029297830541521,1,0.0
270.0,-52.5974025974026,72_16,340.5434615482634,-13.99951828368802,1,0.0
277.5,-52.5974025974026,74_16,342.46119125698516,-18.16378159626804,1,0.0
285.0,-52.5974025974026,76_16,343.9974133713339,-22.48359662282785,1,0.0
292.5,-52.5974025974026,78_16,345.12371549518605,-26.92077285278074,1,0.0
299.99999999999994,-52.5974025974026,80_16,345.7977968497146,-31.436151978813886,1,0.0
307.49999999999994,-52.5974025974026,82_16,345.9578607074685,-35.987742727736446,1,0.0
315.0,-52.5974025974026,84_16,345.5153382107016,-40.528020457519055,1,0.0
322.5,-52.5974025974026,86_16,344.3456239645368,-44.99999706934556,1,0.0
330.0,-52.5974025974026,88_16,342.2774410932409,-49.33149429497366,1,0.0
337.5,-52.5974025974026,90_16,339.08447819634114,-53.427003212688604,1,0.0
344.99999999999994,-52.5974025974026,92_16,334.4908965441885,-57.15709098926003,1,0.0
352.49999999999994,-52.5974025974026,94_16,328.218647919004,-60.347898871891495,1,0.0
0.0,-47.922077922077925,0_18,325.2866743580144,-66.91221298291448,1,0.0
6.857142857142858,-47.922077922077925,2_18,314.04705389893365,-68.68469506898211,1,0.0
13.714285714285715,-47.922077922077925,4_18,301.3189562021037,-69.19546463740186,1,0.0
20.571428571428573,-47.922077922077925,6_18,288.822513728257,-68.35226766421395,1,0.0
27.42857142857143,-47.922077922077925,8_18,278.1324337926371,-66.30335737585784,1,0.0
34.285714285714285,-47.922077922077925,10_18,269.8734468369023,-63.33487731306364,1,0.0
41.142857142857146,-47.922077922077925,12_18,263.88647015478386,-59.730111023164355,1,0.0
48.00000000000001,-47.922077922077925,14_18,259.7282257323327,-55.70654254839827,1,0.0
54.85714285714286,-47.922077922077925,16_18,256.96361243650614,-51.415329239262306,1,0.0
61.714285714285715,-47.922077922077925,18_18,255.2523683476641,-46.95946437723868,1,0.0
68.57142857142857,-47.922077922077925,20_18,254.34929271436184,-42.41072436841211,1,0.0
75.42857142857143,-47.922077922077925,22_18,254.08308001019182,-37.82149161254976,1,0.0
82.28571428571429,-47.922077922077925,24_18,254.3355252208136,-33.23234340215026,1,0.0
89.14285714285715,-47.922077922077925,26_18,255.02575156881332,-28.6768578346138,1,0.0
96.00000000000001,-47.922077922077925,28_18,256.0991435023225,-24.184712307643228,1,0.0
102.85714285714286,-47.922077922077925,30_18,257.5197254329813,-19.783749678346776,1,0.0
109.71428571428572,-47.922077922077925,32_18,259.26484832500586,-15.501411207252634,1,0.0
116.57142857142858,-47.922077922077925,34_18,261.3213407918891,-11.365763032054703,1,0.0
123.42857142857143,-47.922077922077925,36_18,263.68252996423973,-7.40623533095368,1,0.0
130.2857142857143,-47.922077922077925,38_18,266.3457135853381,-3.6541224887209607,1,0.0
137.14285714285714,-47.922077922077925,40_18,269.3097892287118,-0.14284204519862434,1,0.0
144.0,-47.922077922077925,42_18,272.5728476158787,3.092087609344536,1,0.0
150.85714285714286,-47.922077922077925,44_18,276.1296412763033,6.013416530574757,1,0.0
157.71428571428572,-47.922077922077925,46_18,279.96896740436955,8.582953420026929,1,0.0
164.57142857142858,-47.922077922077925,48_18,284.0711609251045,10.762831373022406,1,0.0
171.42857142857144,-47.922077922077925,50_18,288.4060610408808,12.517246757818643,1,0.0
178.2857142857143,-47.922077922077925,52_18,292.9319375911774,13.814571085256304,1,0.0
185.14285714285714,-47.922077922077925,54_18,297.5958608066515,14.629612204112206,1,0.0
192.00000000000003,-47.922077922077925,56_18,302.33579885405345,14.9456903420946,1,0.0
198.85714285714286,-47.922077922077925,58_18,307.08433454704976,14.756150248874626,1,0.0
205.71428571428572,-47.922077922077925,60_18,311.7734245854335,14.064995613521026,1,0.0
212.57142857142858,-47.922077922077925,62_18,316.3392839303033,12.88650527295306,1,0.0
219.42857142857144,-47.922077922077925,64_18,320.72643519685687,11.243916801738974,1,0.0
226.28571428571428,-47.922077922077925,66_18,324.8902407410514,9.167456737807504,1,0.0
233.14285714285717,-47.922077922077925,68_18,328.7976913810577,6.6920910896438635,1,0.0
240.00000000000003,-47.922077922077925,70_18,332.42665325958393,3.855350078889065,1,0.0
246.85714285714286,-47.922077922077925,72_18,335.7640265986487,0.6954817470885104,1,0.0
253.71428571428572,-47.922077922077925,74_18,338.803317195632,-2.749935789720063,1,0.0
260.5714285714286,-47.922077922077925,76_18,341.5420218335131,-6.44490014165185,1,0.0
267.42857142857144,-47.922077922077925,78_18,343.9790660965948,-10.355452708526686,1,0.0
274.2857142857143,-47.922077922077925,80_18,346.11237029223474,-14.449781109909617,1,0.0
281.14285714285717,-47.922077922077925,82_18,347.93648395626855,-18.698025745617578,1,0.0
288.0,-47.922077922077925,84_18,349.44012081862235,-23.071838218854175,1,0.0
294.8571428571429,-47.922077922077925,86_18,350.60332655326334,-27.543704381730652,1,0.0
301.7142857142857,-47.922077922077925,88_18,351.39389572593683,-32.085997836062305,1,0.0
308.57142857142856,-47.922077922077925,90_18,351.7624936817385,-36.66966512020523,1,0.0
315.42857142857144,-47.922077922077925,92_18,351.63570925265867,-41.26234757002535,1,0.0
322.28571428571433,-47.922077922077925,94_18,350.9059724553248,-45.82559205201913,1,0.0
329.14285714285717,-47.922077922077925,96_18,349.4170628662984,-50.31055650820862,1,0.0
336.0,-47.922077922077925,98_18,346.9444509646001,-54.65124457478995,1,0.0
342.8571428571429,-47.922077922077925,100_18,343.17318216493,-58.75388369786986,1,0.0
349.7142857142857,-47.922077922077925,102_18,337.68889364766915,-62.48121116541395,1,0.0
356.5714285714286,-47.922077922077925,104_18,330.0331695965863,-65.63363685482508,1,0.0
0.0,-43.24675324675325,0_20,332.4819251732392,-70.80935369871523,1,0.0
6.315789473684211,-43.24675324675325,2_20,319.45695409321223,-73.0316670204792,1,0.0
12.631578947368421,-43.24675324675325,4_20,303.5298392249924,-73.8804408429967,1,0.0
18.94736842105263,-43.24675324675325,6_20,287.48161121909817,-73.1434040670151,1,0.0
25.263157894736842,-43.24675324675325,8_20,274.19774622851816,-71.00690665472877,1,0.0
31.57894736842105,-43.24675324675325,10_20,264.5553512524373,-67.87989919387124,1,0.0
37.89473684210526,-43.24675324675325,12_20,257.98624787310655,-64.12948378084891,1,0.0
44.21052631578947,-43.24675324675325,14_20,253.64473211611357,-60.00149144995838,1,0.0
50.526315789473685,-43.24675324675325,16_20,250.8594382561644,-55.64674438745858,1,0.0
56.8421052631579,-43.24675324675325,18_20,249.173024690144,-51.15821669111575,1,0.0
63.1578947368421,-43.24675324675325,20_20,248.28604974185131,-46.59587287617075,1,0.0
69.47368421052632,-43.24675324675325,22_20,248.00295027064297,-42.00093984652543,1,0.0
75.78947368421052,-43.24675324675325,24_20,248.19500622442845,-37.403921166678096,1,0.0
82.10526315789474,-43.24675324675325,26_20,248.7769533334959,-32.82919928663004,1,0.0
88.42105263157895,-43.24675324675325,28_20,249.69243544096867,-28.29779301734377,1,0.0
94.73684210526316,-43.24675324675325,30_20,250.90486731729925,-23.829101918497848,1,0.0
101.05263157894737,-43.24675324675325,32_20,252.39157032479568,-19.442081293056123,1,0.0
107.36842105263158,-43.24675324675325,34_20,254.1398871433013,-15.156088093815015,1,0.0
113.6842105263158,-43.24675324675325,36_20,256.14448377064747,-10.991528099045818,1,0.0
119.99999999999999,-43.24675324675325,38_20,258.4053365586902,-6.97037139992458,1,0.0
126.3157894736842,-43.24675324675325,40_20,260.92606759089745,-3.1165627078699387,1,0.0
132.6315789473684,-43.24675324675325,42_20,263.71238785157993,0.543677055395287,1,0.0
138.94736842105263,-43.24675324675325,44_20,266.7704691887291,3.981687060051617,1,0.0
145.26315789473685,-43.24675324675325,46_20,270.1051182106281,7.166393165272805,1,0.0
151.57894736842104,-43.24675324675325,48_20,273.7176890203909,10.064596354080274,1,0.0
157.89473684210526,-43.24675324675325,50_20,277.6037646541948,12.641603943715005,1,0.0
164.21052631578948,-43.24675324675325,52_20,281.75076833856167,14.862274623192075,1,0.0
170.52631578947367,-43.24675324675325,54_20,286.13582505775366,16.692507875076167,1,0.0
176.8421052631579,-43.24675324675325,56_20,290.72433970002356,18.101129773439226,1,0.0
183.1578947368421,-43.24675324675325,58_20,295.4698149298675,19.06201606569852,1,0.0
189.47368421052633,-43.24675324675325,60_20,300.3153157077847,19.55617679513454,1,0.0
195.78947368421052,-43.24675324675325,62_20,305.1966611965623,19.57345163312199,1,0.0
202.10526315789474,-43.24675324675325,64_20,310.0469585672631,19.113480384312755,1,0.0
208.42105263157896,-43.24675324675325,66_20,314.8016676353441,18.185738211757396,1,0.0
214.73684210526315,-43.24675324675325,68_20,319.4032041244687,16.808627703947767,1,0.0
221.05263157894737,-43.24675324675325,70_20,323.804247175439,15.007825493649165,1,0.0
227.3684210526316,-43.24675324675325,72_20,327.9693309199357,12.814213548168803,1,0.0
233.68421052631578,-43.24675324675325,74_20,331.874770275697,10.261748364011213,1,0.0
239.99999999999997,-43.24675324675325,76_20,335.50731126024186,7.385551260791296,1,0.0
246.3157894736842,-43.24675324675325,78_20,338.86202725586674,4.220387568373087,1,0.0
252.6315789473684,-43.24675324675325,80_20,341.93993563368014,0.7995898287161749,1,0.0
258.9473684210526,-43.24675324675325,82_20,344.745666930644,-2.8456011824604044,1,0.0
265.2631578947368,-43.24675324675325,84_20,347.28535854731484,-6.686346898436584,1,0.0
271.57894736842104,-43.24675324675325,86_20,349.56481100122164,-10.696253872396607,1,0.0
277.89473684210526,-43.24675324675325,88_20,351.587849194055,-14.851221797134766,1,0.0
284.2105263157895,-43.24675324675325,90_20,353.3547658102573,-19.129150598162607,1,0.0
290.5263157894737,-43.24675324675325,92_20,354.8606716587772,-23.50953753069162,1,0.0
296.84210526315786,-43.24675324675325,94_20,356.09351766993854,-27.972969770438194,1,0.0
303.1578947368421,-43.24675324675325,96_20,357.0314606147247,-32.500488408877494,1,0.0
309.4736842105263,-43.24675324675325,98_20,357.63908559356895,-37.07276030244686,1,0.0
315.7894736842105,-43.24675324675325,100_20,357.86172021451773,-41.66893316815923,1,0.0
322.10526315789474,-43.24675324675325,102_20,357.61659260506184,-46.26494393299515,1,0.0
328.42105263157896,-43.24675324675325,104_20,356.7787710238702,-50.83085605584415,1,0.0
334.7368421052632,-43.24675324675325,106_20,355.15856258038906,-55.32643136968773,1,0.0
341.05263157894734,-43.24675324675325,108_20,352.4656322964189,-59.69343854392537,1,0.0
347.36842105263156,-43.24675324675325,110_20,348.2561240150085,-63.8419636486304,1,0.0
353.6842105263158,-43.24675324675325,112_20,341.8750652889671,-67.62648215647678,1,0.0
0.0,-38.57142857142857,0_22,342.93648720237064,-74.29538775132615,1,0.0
5.9016393442622945,-38.57142857142857,2_22,328.1591593965394,-77.16081807210539,1,0.0
11.803278688524589,-38.57142857142857,4_22,307.0853589282796,-78.52273177179413,1,0.0
17.704918032786885,-38.57142857142857,6_22,284.6305611387216,-77.85960638957116,1,0.0
23.606557377049178,-38.57142857142857,8_22,267.46599987453044,-75.44735758700787,1,0.0
29.50819672131147,-38.57142857142857,10_22,256.53610973801324,-71.98075405537699,1,0.0
35.40983606557377,-38.57142857142857,12_22,249.89729778018025,-67.95990275609867,1,0.0
41.31147540983606,-38.57142857142857,14_22,245.88461519406403,-63.64727654020842,1,0.0
47.213114754098356,-38.57142857142857,16_22,243.49952879067683,-59.17654584735204,1,0.0
53.11475409836065,-38.57142857142857,18_22,242.1725494794684,-54.62028156261283,1,0.0
59.01639344262294,-38.57142857142857,20_22,241.5720664698144,-50.0215641353197,1,0.0
64.91803278688525,-38.57142857142857,22_22,241.49815903333203,-45.408537433602035,1,0.0
70.81967213114754,-38.57142857142857,24_22,241.82644634503947,-40.80146177368032,1,0.0
76.72131147540983,-38.57142857142857,26_22,242.4778481426615,-36.2163705832149,1,0.0
82.62295081967213,-38.57142857142857,28_22,243.4017122184427,-31.66710918267015,1,0.0
88.52459016393442,-38.57142857142857,30_22,244.56603575072023,-27.16656379950314,1,0.0
94.42622950819671,-38.57142857142857,32_22,245.95158812641048,-22.727468867475178,1,0.0
100.327868852459,-38.57142857142857,34_22,247.54825258093888,-18.36298899873963,1,0.0
106.2295081967213,-38.57142857142857,36_22,249.35266101203248,-14.087179292293225,1,0.0
112.1311475409836,-38.57142857142857,38_22,251.36658633616716,-9.915379539375781,1,0.0
118.03278688524588,-38.57142857142857,40_22,253.59576174900965,-5.864570284352979,1,0.0
123.93442622950819,-38.57142857142857,42_22,256.04890440618345,-1.9537001242659067,1,0.0
129.8360655737705,-38.57142857142857,44_22,258.7367771062901,1.7960218410140338,1,0.0
135.73770491803276,-38.57142857142857,46_22,261.6711504288302,5.360890121450871,1,0.0
141.63934426229508,-38.57142857142857,48_22,264.863546208281,8.714562604137017,1,0.0
147.54098360655738,-38.57142857142857,50_22,268.32366606048186,11.82807411621984,1,0.0
153.44262295081967,-38.57142857142857,52_22,272.0574518382096,14.670080179941088,1,0.0
159.34426229508196,-38.57142857142857,54_22,276.0648048558268,17.20741893655995,1,0.0
165.24590163934425,-38.57142857142857,56_22,280.3371188198425,19.4060742146477,1,0.0
171.14754098360655,-38.57142857142857,58_22,284.85495157093845,21.23258848582854,1,0.0
177.04918032786884,-38.57142857142857,60_22,289.5863335666516,22.65590063804112,1,0.0
182.95081967213113,-38.57142857142857,62_22,294.486305889296,23.649471517654728,1,0.0
188.85245901639342,-38.57142857142857,64_22,299.49819588594,24.193433620535636,1,0.0
194.75409836065575,-38.57142857142857,66_22,304.5568122473411,24.276407933820927,1,0.0
200.655737704918,-38.57142857142857,68_22,309.59322684636516,23.896626257731825,1,0.0
206.55737704918033,-38.57142857142857,70_22,314.5403004696453,23.062111008586882,1,0.0
212.4590163934426,-38.57142857142857,72_22,319.33784887188403,21.789871126008507,1,0.0
218.3606557377049,-38.57142857142857,74_22,323.9364732187096,20.10429562707574,1,0.0
224.2622950819672,-38.57142857142857,76_22,328.29952599853056,18.035079399794537,1,0.0
230.1639344262295,-38.57142857142857,78_22,332.40322430107796,15.61505257411168,1,0.0
236.06557377049177,-38.57142857142857,80_22,336.2353298725649,12.878217339055153,1,0.0
241.96721311475406,-38.57142857142857,82_22,339.7929839341872,9.858174919078387,1,0.0
247.86885245901638,-38.57142857142857,84_22,343.08024287347024,6.587004144851019,1,0.0
253.77049180327867,-38.57142857142857,86_22,346.10570481555965,3.094564454924877,1,0.0
259.672131147541,-38.57142857142857,88_22,348.88043927111573,-0.5918514181560667,1,0.0
265.57377049180326,-38.57142857142857,90_22,351.41628680509274,-4.447603799013201,1,0.0
271.4754098360655,-38.57142857142857,92_22,353.72449920275193,-8.45061319622083,1,0.0
277.37704918032784,-38.57142857142857,94_22,355.8146360871496,-12.581153193767245,1,0.0
283.27868852459017,-38.57142857142857,96_22,357.69360574425366,-16.821574892715464,1,0.0
289.18032786885243,-38.57142857142857,98_22,359.3647196344824,-21.15599059916409,1,0.0
295.08196721311475,-38.57142857142857,100_22,0.8266066656263346,-25.569928306498923,1,0.0
300.983606557377,-38.57142857142857,102_22,2.0717892295915923,-30.04995327260771,1,0.0
306.88524590163934,-38.57142857142857,104_22,3.084637262206187,-34.583236033573414,1,0.0
312.7868852459016,-38.57142857142857,106_22,3.8382534173779104,-39.15702276064505,1,0.0
318.6885245901639,-38.57142857142857,108_22,4.289533149312423,-43.75792498904525,1,0.0
324.59016393442624,-38.57142857142857,110_22,4.371048193889748,-48.37087309683045,1,0.0
330.4918032786885,-38.57142857142857,112_22,3.977226442263234,-52.97743115471474,1,0.0
336.3934426229508,-38.57142857142857,114_22,2.939918805266262,-57.55285558270563,1,0.0
342.2950819672131,-38.57142857142857,116_22,0.983563732968876,-62.06056489496633,1,0.0
348.1967213114754,-38.57142857142857,118_22,357.6406309136053,-66.44099044220485,1,0.0
354.0983606557377,-38.57142857142857,120_22,352.0944055352961,-70.58771630962536,1,0.0
0.0,-33.896103896103895,0_24,358.3532477969686,-77.03402115340522,1,0.0
5.5813953488372094,-33.896103896103895,2_24,343.948523037711,-80.77978130306103,1,0.0
11.162790697674419,-33.896103896103895,4_24,314.6957997221064,-83.07646350269948,1,0.0
16.744186046511626,-33.896103896103895,6_24,277.5853591389254,-82.45169640246048,1,0.0
22.325581395348838,-33.896103896103895,8_24,254.9512511172561,-79.4115744820588,1,0.0
27.906976744186046,-33.896103896103895,10_24,244.1931589913276,-75.39820196118546,1,0.0
33.48837209302325,-33.896103896103895,12_24,238.850078365066,-71.02588765905679,1,0.0
39.06976744186046,-33.896103896103895,14_24,236.08384864205925,-66.50205681457103,1,0.0
44.651162790697676,-33.896103896103895,16_24,234.70090358191132,-61.90875003694601,1,0.0
50.23255813953488,-33.896103896103895,18_24,234.14408905858497,-57.2850154398607,1,0.0
55.81395348837209,-33.896103896103895,20_24,234.12627042308918,-52.65275837791538,1,0.0
61.395348837209305,-33.896103896103895,22_24,234.48778758621256,-48.02622328178368,1,0.0
66.9767441860465,-33.896103896103895,24_24,235.13497875240282,-43.41599427173596,1,0.0
72.55813953488371,-33.896103896103895,26_24,236.01110896019787,-38.83089896743169,1,0.0
78.13953488372093,-33.896103896103895,28_24,237.08153515813544,-34.27902115190634,1,0.0
83.72093023255813,-33.896103896103895,30_24,238.3256546625507,-29.76830428041156,1,0.0
89.30232558139535,-33.896103896103895,32_24,239.7323136663851,-25.306958143299997,1,0.0
94.88372093023256,-33.896103896103895,34_24,241.29708310610448,-20.90377038325962,1,0.0
100.46511627906976,-33.896103896103895,36_24,243.02058811973845,-16.568375316267172,1,0.0
106.04651162790698,-33.896103896103895,38_24,244.90744890350538,-12.311508756605704,1,0.0
111.62790697674419,-33.896103896103895,40_24,246.9655755852248,-8.145264857301193,1,0.0
117.2093023255814,-33.896103896103895,42_24,249.2056531027735,-4.083362922861686,1,0.0
122.79069767441861,-33.896103896103895,44_24,251.6406975613839,-0.14142546452384425,1,0.0
128.37209302325581,-33.896103896103895,46_24,254.28558424314792,3.6627385564842845,1,0.0
133.953488372093,-33.896103896103895,48_24,257.15645072091945,7.3088608129572945,1,0.0
139.53488372093022,-33.896103896103895,50_24,260.2698743198131,10.773979327414471,1,0.0
145.11627906976742,-33.896103896103895,52_24,263.64171981787706,14.032287919001691,1,0.0
150.69767441860463,-33.896103896103895,54_24,267.28556233491736,17.05513478164316,1,0.0
156.27906976744185,-33.896103896103895,56_24,271.21062815650754,19.81125653801086,1,0.0
161.86046511627904,-33.896103896103895,58_24,275.4192825031762,22.26734893914579,1,0.0
167.44186046511626,-33.896103896103895,60_24,279.90424355696507,24.389072307997523,1,0.0
173.02325581395348,-33.896103896103895,62_24,284.6459112817074,26.14255319330341,1,0.0
178.6046511627907,-33.896103896103895,64_24,289.6104191326996,27.496359898478225,1,0.0
184.1860465116279,-33.896103896103895,66_24,294.7491414628592,28.423799014129756,1,0.0
189.7674418604651,-33.896103896103895,68_24,300.0002832170005,28.905231081582773,1,0.0
195.34883720930233,-33.896103896103895,70_24,305.2927580981942,28.929995296518698,1,0.0
200.93023255813952,-33.896103896103895,72_24,310.5519031118575,28.497534339240975,1,0.0
206.51162790697674,-33.896103896103895,74_24,315.705946216271,27.617454743280877,1,0.0
212.09302325581396,-33.896103896103895,76_24,320.69186330722584,26.308508096805056,1,0.0
217.67441860465115,-33.896103896103895,78_24,325.45948911366264,24.596734375016812,1,0.0
223.25581395348837,-33.896103896103895,80_24,329.9733544300569,22.5131676256584,1,0.0
228.83720930232556,-33.896103896103895,82_24,334.2123929511919,20.09152030922369,1,0.0
234.4186046511628,-33.896103896103895,84_24,338.16811435090443,17.366163088409763,1,0.0
239.99999999999997,-33.896103896103895,86_24,341.84197838597856,14.370568957510532,1,0.0
245.58139534883722,-33.896103896103895,88_24,345.2425985119462,11.13625611849622,1,0.0
251.1627906976744,-33.896103896103895,90_24,348.38318815193077,7.692174751856509,1,0.0
256.74418604651163,-33.896103896103895,92_24,351.27944910178263,4.064441631250027,1,0.0
262.3255813953488,-33.896103896103895,94_24,353.94794406774867,0.2763206251291354,1,0.0
267.906976744186,-33.896103896103895,96_24,356.40490271027534,-3.6516393204028064,1,0.0
273.48837209302326,-33.896103896103895,98_24,358.66536850450956,-7.701376429958606,1,0.0
279.06976744186045,-33.896103896103895,100_24,0.7425824413141513,-11.857045727088257,1,0.0
284.65116279069764,-33.896103896103895,102_24,2.6475022386856573,-16.104735963063355,1,0.0
290.23255813953483,-33.896103896103895,104_24,4.3883602882236685,-20.432190564300498,1,0.0
295.8139534883721,-33.896103896103895,106_24,5.970161452865472,-24.828539547791024,1,0.0
301.39534883720927,-33.896103896103895,108_24,7.3940052438051245,-29.284041865051808,1,0.0
306.9767441860465,-33.896103896103895,110_24,8.656075080497025,-33.78983096325452,1,0.0
312.5581395348837,-33.896103896103895,112_24,9.746050675792784,-38.337648570109515,1,0.0
318.13953488372096,-33.896103896103895,114_24,10.644527935523914,-42.91953974853047,1,0.0
323.7209302325581,-33.896103896103895,116_24,11.318686751180369,-47.527460198836714,1,0.0
329.30232558139534,-33.896103896103895,118_24,11.71472980095564,-52.152701445262885,1,0.0
334.8837209302325,-33.896103896103895,120_24,11.744032867972807,-56.78493857101613,1,0.0
340.4651162790698,-33.896103896103895,122_24,11.256201894906132,-61.410461282263746,1,0.0
346.04651162790697,-33.896103896103895,124_24,9.982607202436927,-66.00850193322417,1,0.0
351.6279069767442,-33.896103896103895,126_24,7.406847917178652,-70.54265176749465,1,0.0
357.2093023255814,-33.896103896103895,128_24,2.4354460382384624,-74.93783631585436,1,0.0
0.0,-29.220779220779225,0_26,19.47041719186207,-78.47906963134284,1,0.0
5.294117647058823,-29.220779220779225,2_26,13.747949741697697,-83.01214111608641,1,0.0
10.588235294117647,-29.220779220779225,4_26,346.1362420672268,-87.10409749462436,1,0.0
15.882352941176471,-29.220779220779225,6_26,251.77947401204923,-86.61215601976306,1,0.0
21.176470588235293,-29.220779220779225,8_26,230.80050593970952,-82.37779701249964,1,0.0
26.47058823529412,-29.220779220779225,10_26,226.00429054838054,-77.82796615812808,1,0.0
31.764705882352942,-29.220779220779225,12_26,224.5194766925849,-73.22250251021163,1,0.0
37.05882352941177,-29.220779220779225,14_26,224.2317131749422,-68.60342415305145,1,0.0
42.35294117647059,-29.220779220779225,16_26,224.51716229190527,-63.98481371540929,1,0.0
47.64705882352941,-29.220779220779225,18_26,225.12999561235327,-59.37389108150985,1,0.0
52.94117647058824,-29.220779220779225,20_26,225.95594729027766,-54.77563582995904,1,0.0
58.23529411764706,-29.220779220779225,22_26,226.93644441981687,-50.194232452394765,1,0.0
63.529411764705884,-29.220779220779225,24_26,228.03995051531842,-45.63364729546024,1,0.0
68.8235294117647,-29.220779220779225,26_26,229.24951826421616,-41.09791373830477,1,0.0
74.11764705882354,-29.220779220779225,28_26,230.556812884056,-36.59130702971575,1,0.0
79.41176470588236,-29.220779220779225,30_26,231.9590267011798,-32.11847653009245,1,0.0
84.70588235294117,-29.220779220779225,32_26,233.45720506372848,-27.684564668966395,1,0.0
90.0,-29.220779220779225,34_26,235.0553124613498,-23.295327342622148,1,0.0
95.29411764705883,-29.220779220779225,36_26,236.75971020719817,-18.957264466650216,1,0.0
100.58823529411765,-29.220779220779225,38_26,238.57887295834442,-14.677766752431511,1,0.0
105.88235294117648,-29.220779220779225,40_26,240.52324580988096,-10.465283465717588,1,0.0
111.1764705882353,-29.220779220779225,42_26,242.6051794548002,-6.3295150066290855,1,0.0
116.47058823529412,-29.220779220779225,44_26,244.8388963670532,-2.2816330334030526,1,0.0
121.76470588235296,-29.220779220779225,46_26,247.2404442916612,1.6654710021231829,1,0.0
127.05882352941177,-29.220779220779225,48_26,249.8275881195132,5.496911273085229,1,0.0
132.3529411764706,-29.220779220779225,50_26,252.6195791965973,9.195514762858364,1,0.0
137.6470588235294,-29.220779220779225,52_26,255.63672373090915,12.74152673754873,1,0.0
142.94117647058823,-29.220779220779225,54_26,258.8996520184289,16.11234415113373,1,0.0
148.23529411764707,-29.220779220779225,56_26,262.4281738685012,19.282325064289772,1,0.0
153.52941176470588,-29.220779220779225,58_26,266.2396048434838,22.2227456971789,1,0.0
158.82352941176472,-29.220779220779225,60_26,270.3464825524624,24.902002563102798,1,0.0
164.11764705882354,-29.220779220779225,62_26,274.7536888187048,27.286177698730018,1,0.0
169.41176470588235,-29.220779220779225,64_26,279.4551762377064,29.340086171737806,1,0.0
174.7058823529412,-29.220779220779225,66_26,284.4307657050158,31.028886779998786,1,0.0
180.0,-29.220779220779225,68_26,289.6437753187012,32.32024029061893,1,0.0
185.29411764705884,-29.220779220779225,70_26,295.04041872218255,33.186842795702496,1,0.0
190.58823529411765,-29.220779220779225,72_26,300.5517803389262,33.60897929402616,1,0.0
195.88235294117646,-29.220779220779225,74_26,306.09861537324514,33.576610967517205,1,0.0
201.1764705882353,-29.220779220779225,76_26,311.5983448420629,33.09051802741036,1,0.0
206.47058823529412,-29.220779220779225,78_26,316.9728027427295,32.16220893966274,1,0.0
211.76470588235296,-29.220779220779225,80_26,322.1549922063235,30.81261967190496,1,0.0
217.05882352941177,-29.220779220779225,82_26,327.093500922444,29.06992894985716,1,0.0
222.3529411764706,-29.220779220779225,84_26,331.75407784642823,26.966979830007663,1,0.0
227.64705882352942,-29.220779220779225,86_26,336.1187236881158,24.538782098415734,1,0.0
232.94117647058823,-29.220779220779225,88_26,340.18314633456725,21.82042543697045,1,0.0
238.23529411764704,-29.220779220779225,90_26,343.9535083847415,18.84555067080101,1,0.0
243.5294117647059,-29.220779220779225,92_26,347.44318839544,15.645377106033363,1,0.0
248.82352941176472,-29.220779220779225,94_26,350.6699805603176,12.248196406205249,1,0.0
254.11764705882354,-29.220779220779225,96_26,353.6538997176176,8.67921209326777,1,0.0
259.4117647058824,-29.220779220779225,98_26,356.4155889783221,4.960608800352864,1,0.0
264.7058823529412,-29.220779220779225,100_26,358.9752411824305,1.1117574158098724,1,0.0
270.0,-29.220779220779225,102_26,1.3519173002620388,-2.8505119148782834,0,0.0
275.2941176470588,-29.220779220779225,104_26,3.56314888631693,-6.911614057771475,0,0.0
280.5882352941177,-29.220779220779225,106_26,5.624729112493863,-11.058917902336738,1,0.0
285.88235294117646,-29.220779220779225,108_26,7.550616758565037,-15.281475158178049,1,0.0
291.1764705882353,-29.220779220779225,110_26,9.352894284109446,-19.569775803687264,1,0.0
296.47058823529414,-29.220779220779225,112_26,11.041732244379673,-23.91553198021869,1,0.0
301.7647058823529,-29.220779220779225,114_26,12.625316435854886,-28.311489133165743,1,0.0
307.05882352941177,-29.220779220779225,116_26,14.109689395949017,-32.7512614871874,1,0.0
312.3529411764706,-29.220779220779225,118_26,15.498440186121409,-37.22918788594688,1,0.0
317.64705882352945,-29.220779220779225,120_26,16.792136610278966,-41.74020309204602,1,0.0
322.94117647058823,-29.220779220779225,122_26,17.987311461197276,-46.27971821399661,1,0.0
328.2352941176471,-29.220779220779225,124_26,19.074640659265278,-50.84350096809212,1,0.0
333.5294117647059,-29.220779220779225,126_26,20.03556612238758,-55.4275396947858,1,0.0
338.8235294117647,-29.220779220779225,128_26,20.835695979349705,-60.027858406646395,1,0.0
344.11764705882354,-29.220779220779225,130_26,21.41088862733616,-64.64020566763939,1,0.0
349.4117647058824,-29.220779220779225,132_26,21.63466417586535,-69.25940592966498,1,0.0
354.7058823529412,-29.220779220779225,134_26,21.229807885382918,-73.8776824940349,1,0.0
0.0,-24.545454545454543,0_28,42.64700457585545,-78.14744513963637,1,0.0
5.1063829787234045,-24.545454545454543,2_28,51.52093417553751,-82.56116060216192,1,0.0
10.212765957446809,-24.545454545454543,4_28,79.66177993624072,-86.48665096874004,1,0.0
15.319148936170214,-24.545454545454543,6_28,164.07578795748216,-86.59850122372163,1,0.0
20.425531914893618,-24.545454545454543,8_28,193.84146644944693,-82.71870757692697,1,0.0
25.53191489361702,-24.545454545454543,10_28,202.99522709976293,-78.31146752840301,1,0.0
30.638297872340427,-24.545454545454543,12_28,207.73662645717334,-73.80568614333819,1,0.0
35.74468085106383,-24.545454545454543,14_28,210.92202006161278,-69.27022353562707,1,0.0
40.851063829787236,-24.545454545454543,16_28,213.3961353513759,-64.72632589336204,1,0.0
45.95744680851064,-24.545454545454543,18_28,215.49547901399737,-60.18359423712896,1,0.0
51.06382978723404,-24.545454545454543,20_28,217.38154359609217,-55.64775235950729,1,0.0
56.170212765957444,-24.545454545454543,22_28,219.1427728778326,-51.123019690324256,1,0.0
61.276595744680854,-24.545454545454543,24_28,220.83291221679593,-46.613022074532566,1,0.0
66.38297872340425,-24.545454545454543,26_28,222.48767303065014,-42.121211225005275,1,0.0
71.48936170212767,-24.545454545454543,28_28,224.13280416098019,-37.651094625501855,1,0.0
76.59574468085107,-24.545454545454543,30_28,225.78835653733927,-33.20638672502755,1,0.0
81.70212765957447,-24.545454545454543,32_28,227.47111119536808,-28.791128061446386,1,0.0
86.80851063829786,-24.545454545454543,34_28,229.19606037985338,-24.409794642308576,1,0.0
91.91489361702128,-24.545454545454543,36_28,230.9773746763324,-20.067409913815546,1,0.0
97.02127659574468,-24.545454545454543,38_28,232.8290798335545,-15.769667346596963,1,0.0
102.12765957446808,-24.545454545454543,40_28,234.76556399547403,-11.523069814681053,1,0.0
107.23404255319149,-24.545454545454543,42_28,236.80198159223414,-7.33509117510932,1,0.0
112.34042553191489,-24.545454545454543,44_28,238.95458845846045,-3.2143650908904777,1,0.0
117.4468085106383,-24.545454545454543,46_28,241.24102144618257,0.8290942756324021,1,0.0
122.55319148936171,-24.545454545454543,48_28,243.6805182042038,4.783635989353924,1,0.0
127.6595744680851,-24.545454545454543,50_28,246.29405477680697,8.635678786925803,1,0.0
132.7659574468085,-24.545454545454543,52_28,249.1043573369507,12.369382480696808,1,0.0
137.87234042553192,-24.545454545454543,54_28,252.13571777433137,15.9662936476567,1,0.0
142.97872340425533,-24.545454545454543,56_28,255.41351065183042,19.404986754557704,1,0.0
148.08510638297872,-24.545454545454543,58_28,258.9632742104038,22.660740275849918,1,0.0
153.19148936170214,-24.545454545454543,60_28,262.80919017067305,25.705313811942915,1,0.0
158.29787234042553,-24.545454545454543,62_28,266.97179656592056,28.506926342971635,1,0.0
163.40425531914894,-24.545454545454543,64_28,271.46482989001663,31.030572646331763,1,0.0
168.51063829787233,-24.545454545454543,66_28,276.2912640843766,33.23884131773476,1,0.0
173.61702127659572,-24.545454545454543,68_28,281.43893159853747,35.093389231072834,1,0.0
178.72340425531917,-24.545454545454543,70_28,286.8765552661084,36.55715078973398,1,0.0
183.82978723404256,-24.545454545454543,72_28,292.55144511984724,37.59719096231403,1,0.0
188.93617021276594,-24.545454545454543,74_28,298.3902329054328,38.18786318339519,1,0.0
194.04255319148936,-24.545454545454543,76_28,304.3035167569059,38.31368985128871,1,0.0
199.14893617021278,-24.545454545454543,78_28,310.19411812409004,37.971283792073514,1,0.0
204.25531914893617,-24.545454545454543,80_28,315.96725913750333,37.1697873938909,1,0.0
209.36170212765956,-24.545454545454543,82_28,321.54013579293655,35.929702718948484,1,0.0
214.46808510638297,-24.545454545454543,84_28,326.8486304510824,34.28044435891559,1,0.0
219.5744680851064,-24.545454545454543,86_28,331.8500977802977,32.2572465639294,1,0.0
224.68085106382978,-24.545454545454543,88_28,336.5225357574616,29.898087364170117,1,0.0
229.7872340425532,-24.545454545454543,90_28,340.86133622746155,27.241107963382746,1,0.0
234.8936170212766,-24.545454545454543,92_28,344.87499306767654,24.322745202116952,1,0.0
239.99999999999997,-24.545454545454543,94_28,348.58084274158824,21.176577631396043,1,0.0
245.10638297872342,-24.545454545454543,96_28,352.0014504288527,17.832760878234392,1,0.0
250.21276595744683,-24.545454545454543,98_28,355.161860730397,14.317887118599211,1,0.0
255.3191489361702,-24.545454545454543,100_28,358.0876845287913,10.655114864936966,1,0.0
260.4255319148936,-24.545454545454543,102_28,0.8038789273695507,6.864448877131936,0,0.0
265.531914893617,-24.545454545454543,104_28,3.334049452345727,2.9630866645874585,0,0.0
270.63829787234044,-24.545454545454543,106_28,5.700120356545439,-1.0342211266837675,0,0.0
275.74468085106383,-24.545454545454543,108_28,7.92225176642319,-5.1148265379409015,0,0.0
280.8510638297872,-24.545454545454543,110_28,10.018916725356936,-9.267871298883726,1,0.0
285.95744680851067,-24.545454545454543,112_28,12.007080904353742,-13.484010565470033,1,0.0
291.06382978723406,-24.545454545454543,114_28,13.90245174369237,-17.75517350049281,1,0.0
296.17021276595744,-24.545454545454543,116_28,15.7197832861505,-22.07435788257493,1,0.0
301.27659574468083,-24.545454545454543,118_28,17.47324036689684,-26.435454513628258,1,0.0
306.3829787234043,-24.545454545454543,120_28,19.1768445155143,-30.833096571830463,1,0.0
311.48936170212767,-24.545454545454543,122_28,20.845048965043986,-35.26252871766594,1,0.0
316.59574468085106,-24.545454545454543,124_28,22.49353031000136,-39.719490271996115,1,0.0
321.70212765957444,-24.545454545454543,126_28,24.140356794074364,-44.20010562482175,1,0.0
326.8085106382979,-24.545454545454543,128_28,25.80783499463043,-48.700772287716056,1,0.0
331.9148936170213,-24.545454545454543,130_28,27.525634394707993,-53.21803066324269,1,0.0
337.02127659574467,-24.545454545454543,132_28,29.33646267095003,-57.74838463526692,1,0.0
342.1276595744681,-24.545454545454543,134_28,31.30722617791116,-62.28800442703757,1,0.0
347.23404255319144,-24.545454545454543,136_28,33.55317901835628,-66.83213859752465,1,0.0
352.3404255319149,-24.545454545454543,138_28,36.29700876282031,-71.37372872348882,1,0.0
357.44680851063833,-24.545454545454543,140_28,40.039963574124194,-75.89943303979253,1,0.0
0.0,-19.870129870129876,0_30,61.83993958286011,-76.1663556410114,1,0.0
4.931506849315069,-19.870129870129876,2_30,76.23242680659648,-79.73278241182246,1,0.0
9.863013698630137,-19.870129870129876,4_30,101.57932411974245,-82.24013615636726,1,0.0
14.794520547945206,-19.870129870129876,6_30,137.06751795578063,-82.52853702972058,1,0.0
19.726027397260275,-19.870129870129876,8_30,165.3025662227708,-80.395689144591,1,0.0
24.65753424657534,-19.870129870129876,10_30,181.55240857415964,-76.98338610550643,1,0.0
29.589041095890412,-19.870129870129876,12_30,191.14844805288078,-73.05011897430373,1,0.0
34.52054794520548,-19.870129870129876,14_30,197.46470519594592,-68.88844188041857,1,0.0
39.45205479452055,-19.870129870129876,16_30,202.0446003034462,-64.61430724321121,1,0.0
44.38356164383562,-19.870129870129876,18_30,205.62503457891472,-60.28046397636936,1,0.0
49.31506849315068,-19.870129870129876,20_30,208.59057858943675,-55.9143106200975,1,0.0
54.24657534246575,-19.870129870129876,22_30,211.1594008608998,-51.53183211946609,1,0.0
59.178082191780824,-19.870129870129876,24_30,213.46449806334087,-47.14338787397768,1,0.0
64.10958904109589,-19.870129870129876,26_30,215.59217455644634,-42.75638673409351,1,0.0
69.04109589041096,-19.870129870129876,28_30,217.60167869831372,-38.37664350502009,1,0.0
73.97260273972603,-19.870129870129876,30_30,219.53589654548685,-34.00912790212203,1,0.0
78.9041095890411,-19.870129870129876,32_30,221.42751761407467,-29.65841485101969,1,0.0
83.83561643835617,-19.870129870129876,34_30,223.30277834815865,-25.328981609645627,1,0.0
88.76712328767124,-19.870129870129876,36_30,225.18384900307674,-21.02542548745744,1,0.0
93.6986301369863,-19.870129870129876,38_30,227.09043204871824,-16.75264246323767,1,0.0
98.63013698630137,-19.870129870129876,40_30,229.04088892002116,-12.515990629984826,1,0.0
103.56164383561644,-19.870129870129876,42_30,231.05307861565404,-8.32145415963036,1,0.0
108.4931506849315,-19.870129870129876,44_30,233.14501726215812,-4.175819320593375,1,0.0
113.42465753424658,-19.870129870129876,46_30,235.3354235980798,-0.08687201946025688,1,0.0
118.35616438356165,-19.870129870129876,48_30,237.64418646957432,3.9363747046908495,1,0.0
123.28767123287672,-19.870129870129876,50_30,240.09276837659039,7.883415560420388,1,0.0
128.21917808219177,-19.870129870129876,52_30,242.704538329076,11.741943745950993,1,0.0
133.15068493150685,-19.870129870129876,54_30,245.50500348128205,15.497493482498848,1,0.0
138.08219178082192,-19.870129870129876,56_30,248.5218784703037,19.13303526446761,1,0.0
143.013698630137,-19.870129870129876,58_30,251.78489105750575,22.62853417320905,1,0.0
147.94520547945206,-19.870129870129876,60_30,255.32517162029058,25.96049803460518,1,0.0
152.87671232876713,-19.870129870129876,62_30,259.17401685513374,29.101568753191188,1,0.0
157.8082191780822,-19.870129870129876,64_30,263.36077124882837,32.02024944400994,1,0.0
162.73972602739727,-19.870129870129876,66_30,267.9095711138457,34.680911495614886,1,0.0
167.67123287671234,-19.870129870129876,68_30,272.8348116187685,37.044280668085165,1,0.0
172.6027397260274,-19.870129870129876,70_30,278.13551414461006,39.0686355328386,1,0.0
177.53424657534248,-19.870129870129876,72_30,283.7893472153382,40.71192054247329,1,0.0
182.46575342465752,-19.870129870129876,74_30,289.7478073994497,41.934824384408785,1,0.0
187.3972602739726,-19.870129870129876,76_30,295.9346491265876,42.70457372626695,1,0.0
192.32876712328766,-19.870129870129876,78_30,302.24947830941335,42.99880477061589,1,0.0
197.26027397260273,-19.870129870129876,80_30,308.57705517622935,42.80858698407287,1,0.0
202.1917808219178,-19.870129870129876,82_30,314.80060844840307,42.139718749474525,1,0.0
207.12328767123287,-19.870129870129876,84_30,320.8155838369677,41.011880359355054,1,0.0
212.05479452054794,-19.870129870129876,86_30,326.54003403747424,39.45591780248576,1,0.0
216.986301369863,-19.870129870129876,88_30,331.9194645167627,37.51007061092041,1,0.0
221.91780821917808,-19.870129870129876,90_30,336.92624059298396,35.21609448411753,1,0.0
226.84931506849315,-19.870129870129876,92_30,341.5552812959829,32.615995041373075,1,0.0
231.78082191780823,-19.870129870129876,94_30,345.81817672471556,29.749703222035468,1,0.0
236.7123287671233,-19.870129870129876,96_30,349.73739279170695,26.653694082828554,1,0.0
241.64383561643837,-19.870129870129876,98_30,353.3414709318652,23.360367390149033,1,0.0
246.57534246575344,-19.870129870129876,100_30,356.66150190102803,19.897955991164146,1,0.0
251.5068493150685,-19.870129870129876,102_30,359.72878233365526,16.29075253628357,1,0.0
256.43835616438355,-19.870129870129876,104_30,2.573411262381046,12.55949833865778,1,0.0
261.36986301369865,-19.870129870129876,106_30,5.223564557771617,8.721831565567665,1,0.0
266.3013698630137,-19.870129870129876,108_30,7.705225801105811,4.792734104593184,0,0.0
271.2328767123288,-19.870129870129876,110_30,10.042209019931324,0.7849455722572634,0,0.0
276.16438356164383,-19.870129870129876,112_30,12.25636176301738,-3.2906687247152964,0,0.0
281.09589041095893,-19.870129870129876,114_30,14.36787966693498,-7.424798377681644,0,0.0
286.027397260274,-19.870129870129876,116_30,16.395696098062743,-11.609413749338621,1,0.0
290.95890410958907,-19.870129870129876,118_30,18.35793539750112,-15.837531000685702,1,0.0
295.8904109589041,-19.870129870129876,120_30,20.27243934640548,-20.103008788599364,1,0.0
300.8219178082192,-19.870129870129876,122_30,22.15739784079261,-24.40036836974312,1,0.0
305.75342465753425,-19.870129870129876,124_30,24.032141583125792,-28.724627922203243,1,0.0
310.6849315068493,-19.870129870129876,126_30,25.918194503825422,-33.07114012706026,1,0.0
315.6164383561644,-19.870129870129876,128_30,27.84074971652545,-37.435418468280005,1,0.0
320.54794520547944,-19.870129870129876,130_30,29.830849881658054,-41.812930595478484,1,0.0
325.47945205479454,-19.870129870129876,132_30,31.92877119347482,-46.19882299515603,1,0.0
330.4109589041096,-19.870129870129876,134_30,34.18953789343456,-50.58751261406166,1,0.0
335.3424657534247,-19.870129870129876,136_30,36.69237727927869,-54.972020506744066,1,0.0
340.2739726027397,-19.870129870129876,138_30,39.557859310145666,-59.342786528420014,1,0.0
345.2054794520548,-19.870129870129876,140_30,42.98099122276934,-63.68537524073525,1,0.0
350.13698630136986,-19.870129870129876,142_30,47.29991698952439,-67.97561516311117,1,0.0
355.06849315068496,-19.870129870129876,144_30,53.15044857044814,-72.16817661170418,1,0.0
0.0,-15.194805194805197,0_32,75.27623219050838,-73.10656405901258,1,0.0
4.832214765100671,-15.194805194805197,2_32,89.28369685775196,-75.92376184612918,1,0.0
9.664429530201343,-15.194805194805197,4_32,108.3048653980225,-77.70210393416346,1,0.0
14.496644295302014,-15.194805194805197,6_32,130.53342313607735,-77.96979124341117,1,0.0
19.328859060402685,-15.194805194805197,8_32,150.99292923518942,-76.63550780356255,1,0.0
24.161073825503358,-15.194805194805197,10_32,166.58317422786902,-74.09850979764745,1,0.0
28.993288590604028,-15.194805194805197,12_32,177.69292586591686,-70.83236211830393,1,0.0
33.8255033557047,-15.194805194805197,14_32,185.70848961633476,-67.1500175091403,1,0.0
38.65771812080537,-15.194805194805197,16_32,191.73022819148017,-63.225484746880426,1,0.0
43.48993288590604,-15.194805194805197,18_32,196.46058757435944,-59.15425995100893,1,0.0
48.322147651006716,-15.194805194805197,20_32,200.33246295431053,-54.99099048797427,1,0.0
53.15436241610739,-15.194805194805197,22_32,203.61740947600634,-50.768777781861615,1,0.0
57.986577181208055,-15.194805194805197,24_32,206.49160951858173,-46.50889917636031,1,0.0
62.81879194630873,-15.194805194805197,26_32,209.0737614526721,-42.22586631915812,1,0.0
67.6510067114094,-15.194805194805197,28_32,211.44694464548564,-37.930182902748065,1,0.0
72.48322147651008,-15.194805194805197,30_32,213.67155927678834,-33.62992538977172,1,0.0
77.31543624161074,-15.194805194805197,32_32,215.79323231195295,-29.3316970220123,1,0.0
82.14765100671141,-15.194805194805197,34_32,217.84781532132496,-25.04123605715166,1,0.0
86.97986577181209,-15.194805194805197,36_32,219.86465751499463,-20.763828296637342,1,0.0
91.81208053691275,-15.194805194805197,38_32,221.86883076411743,-16.50460796675881,1,0.0
96.64429530201343,-15.194805194805197,40_32,223.88270527047652,-12.268796587383832,1,0.0
101.47651006711409,-15.194805194805197,42_32,225.92711784804303,-8.061911043937599,1,0.0
106.30872483221478,-15.194805194805197,44_32,228.02228389794226,-3.8899621257001606,1,0.0
111.14093959731544,-15.194805194805197,46_32,230.18854957374063,0.24034048900407562,1,0.0
115.97315436241611,-15.194805194805197,48_32,232.44704608276237,4.32136343293284,1,0.0
120.80536912751678,-15.194805194805197,50_32,234.82028400559346,8.344292752001481,1,0.0
125.63758389261746,-15.194805194805197,52_32,237.33270565652336,12.298832959830909,1,0.0
130.46979865771812,-15.194805194805197,54_32,240.01119287074744,16.172850410826374,1,0.0
135.3020134228188,-15.194805194805197,56_32,242.88550129834726,19.951950619212543,1,0.0
140.13422818791946,-15.194805194805197,58_32,245.98855478437247,23.618982873862247,1,0.0
144.96644295302016,-15.194805194805197,60_32,249.3564784862255,27.153474150124673,1,0.0
149.7986577181208,-15.194805194805197,62_32,253.02817143416374,30.531011765769172,1,0.0
154.63087248322148,-15.194805194805197,64_32,257.04411781419253,33.722625973496854,1,0.0
159.46308724832215,-15.194805194805197,66_32,261.44402647194113,36.69427619289142,1,0.0
164.29530201342283,-15.194805194805197,68_32,266.2628199706085,39.40662213182141,1,0.0
169.1275167785235,-15.194805194805197,70_32,271.5245780507977,41.815357616075474,1,0.0
173.95973154362417,-15.194805194805197,72_32,277.23445468712566,43.872469482466606,1,0.0
178.79194630872485,-15.194805194805197,74_32,283.3695145669774,45.5287838513538,1,0.0
183.6241610738255,-15.194805194805197,76_32,289.870835111921,46.73796736987017,1,0.0
188.4563758389262,-15.194805194805197,78_32,296.6404919635556,47.461678251147916,1,0.0
193.28859060402687,-15.194805194805197,80_32,303.54694476807026,47.674892672541205,1,0.0
198.1208053691275,-15.194805194805197,82_32,310.43979759446444,47.36991754156498,1,0.0
202.95302013422818,-15.194805194805197,84_32,317.17058220050114,46.557710815124835,1,0.0
207.78523489932886,-15.194805194805197,86_32,323.61290176852793,45.26601323213034,1,0.0
212.61744966442956,-15.194805194805197,88_32,329.67564055618624,43.534987552898926,1,0.0
217.4496644295302,-15.194805194805197,90_32,335.3066799612209,41.41182359390576,1,0.0
222.28187919463087,-15.194805194805197,92_32,340.4887284510948,38.94574011457379,1,0.0
227.11409395973155,-15.194805194805197,94_32,345.23096141065525,36.18423695871583,1,0.0
231.94630872483222,-15.194805194805197,96_32,349.5599220685152,33.170798647281664,1,0.0
236.77852348993292,-15.194805194805197,98_32,353.511763428087,29.94382810380091,1,0.0
241.61073825503357,-15.194805194805197,100_32,357.12657137916966,26.536437367911862,1,0.0
246.4429530201342,-15.194805194805197,102_32,0.44468127982992706,22.976744479299384,1,0.0
251.2751677852349,-15.194805194805197,104_32,3.504559736230816,19.288416338496617,1,0.0
256.10738255033556,-15.194805194805197,106_32,6.34177805394091,15.491291854619487,1,0.0
260.93959731543623,-15.194805194805197,108_32,8.988685390493691,11.601992780342561,1,0.0
265.77181208053696,-15.194805194805197,110_32,11.474500265945913,7.6344780118092395,0,0.0
270.6040268456376,-15.194805194805197,112_32,13.82563680539509,3.600525870787351,0,0.0
275.43624161073825,-15.194805194805197,114_32,16.06615567039995,-0.4898555853975488,0,0.0
280.2684563758389,-15.194805194805197,116_32,18.21828100809062,-4.628082641438011,0,0.0
285.1006711409396,-15.194805194805197,118_32,20.30295981793706,-8.80670366615811,1,0.0
289.9328859060403,-15.194805194805197,120_32,22.34046505556494,-13.01914879293278,1,0.0
294.76510067114094,-15.194805194805197,122_32,24.351063944155143,-17.259509553381104,1,0.0
299.5973154362416,-15.194805194805197,124_32,26.355793187803023,-21.5223360633082,1,0.0
304.4295302013423,-15.194805194805197,126_32,28.377408186415284,-25.80243806652018,1,0.0
309.26174496644296,-15.194805194805197,128_32,30.44161062826374,-30.094673155135077,1,0.0
314.09395973154363,-15.194805194805197,130_32,32.57871840956122,-34.39369955473599,1,0.0
318.9261744966443,-15.194805194805197,132_32,34.82604171599441,-38.69365975731854,1,0.0
323.758389261745,-15.194805194805197,134_32,37.23140225631188,-42.98774072844157,1,0.0
328.59060402684565,-15.194805194805197,136_32,39.85854144493635,-47.2675178523826,1,0.0
333.4228187919463,-15.194805194805197,138_32,42.795728228765725,-51.521915440204175,1,0.0
338.255033557047,-15.194805194805197,140_32,46.16993084610053,-55.735468249782954,1,0.0
343.0872483221477,-15.194805194805197,142_32,50.170887956732905,-59.88526111554667,1,0.0
347.91946308724835,-15.194805194805197,144_32,55.092945105783414,-63.935266473560475,1,0.0
352.751677852349,-15.194805194805197,146_32,61.407628445705775,-67.82538112599492,1,0.0
357.5838926174497,-15.194805194805197,148_32,69.8796207315538,-71.44960818815385,1,0.0
0.0,-10.519480519480517,0_34,84.38074483944331,-69.4444253330902,1,0.0
4.7368421052631575,-10.519480519480517,2_34,96.65288251983354,-71.71368548939479,1,0.0
9.473684210526315,-10.519480519480517,4_34,111.41809516887392,-73.0877603602605,1,0.0
14.210526315789473,-10.519480519480517,6_34,127.57058969174228,-73.3425360306126,1,0.0
18.94736842105263,-10.519480519480517,8_34,143.13813734175724,-72.42907597966826,1,0.0
23.68421052631579,-10.519480519480517,10_34,156.53772914760725,-70.5115531605905,1,0.0
28.421052631578945,-10.519480519480517,12_34,167.3262877011086,-67.85039962251538,1,0.0
33.1578947368421,-10.519480519480517,14_34,175.82790951527932,-64.68065007391216,1,0.0
37.89473684210526,-10.519480519480517,16_34,182.57176435803967,-61.171579992704345,1,0.0
42.63157894736842,-10.519480519480517,18_34,188.02781656616364,-57.434993631605145,1,0.0
47.36842105263158,-10.519480519480517,20_34,192.55032660516508,-53.54334335265531,1,0.0
52.10526315789474,-10.519480519480517,22_34,196.39278431441454,-49.54416564480137,1,0.0
56.84210526315789,-10.519480519480517,24_34,199.73495178299407,-45.46948255286976,1,0.0
61.57894736842105,-10.519480519480517,26_34,202.70556158281332,-41.34157976387868,1,0.0
66.3157894736842,-10.519480519480517,28_34,205.3985309280465,-37.17653316248155,1,0.0
71.05263157894737,-10.519480519480517,30_34,207.88398208933765,-32.98639269758615,1,0.0
75.78947368421052,-10.519480519480517,32_34,210.2156563487926,-28.780568685358094,1,0.0
80.52631578947368,-10.519480519480517,34_34,212.43593852381534,-24.566739596982725,1,0.0
85.26315789473684,-10.519480519480517,36_34,214.5793197669663,-20.351468957288354,1,0.0
90.0,-10.519480519480517,38_34,216.67484035463022,-16.140643813606097,1,0.0
94.73684210526316,-10.519480519480517,40_34,218.74786445896785,-11.93980413808087,1,0.0
99.47368421052632,-10.519480519480517,42_34,220.82141745708307,-7.754407640024711,1,0.0
104.21052631578948,-10.519480519480517,44_34,222.917239368149,-3.5900600650299346,1,0.0
108.94736842105263,-10.519480519480517,46_34,225.056659087852,0.5472671418931498,1,0.0
113.68421052631578,-10.519480519480517,48_34,227.2613625157777,4.65101432524181,1,0.0
118.42105263157895,-10.519480519480517,50_34,229.5541064480223,8.71379072176693,1,0.0
123.1578947368421,-10.519480519480517,52_34,231.95941431348388,12.72709594476924,1,0.0
127.89473684210527,-10.519480519480517,54_34,234.50427539170786,16.680989847013162,1,0.0
132.6315789473684,-10.519480519480517,56_34,237.21885178598913,20.563693476725003,1,0.0
137.3684210526316,-10.519480519480517,58_34,240.13717161778956,24.361102894964617,1,0.0
142.10526315789474,-10.519480519480517,60_34,243.29774478003563,28.056198558276595,1,0.0
146.8421052631579,-10.519480519480517,62_34,246.74396793987717,31.62833868076329,1,0.0
151.57894736842104,-10.519480519480517,64_34,250.52407398704156,35.05244067959776,1,0.0
156.3157894736842,-10.519480519480517,66_34,254.6902144535899,38.29808915615043,1,0.0
161.05263157894737,-10.519480519480517,68_34,259.2960435156706,41.328674601790595,1,0.0
165.78947368421052,-10.519480519480517,70_34,264.39195097480444,44.10077848291153,1,0.0
170.52631578947367,-10.519480519480517,72_34,270.0170345890264,46.56418260131231,1,0.0
175.26315789473682,-10.519480519480517,74_34,276.1873576907052,48.66306217555911,1,0.0
180.0,-10.519480519480517,76_34,282.88149274474665,50.33901100872851,1,0.0
184.73684210526315,-10.519480519480517,78_34,290.0270142276385,51.53632641280308,1,0.0
189.47368421052633,-10.519480519480517,80_34,297.4944903552335,52.20922605363669,1,0.0
194.21052631578945,-10.519480519480517,82_34,305.105862273238,52.32945433067604,1,0.0
198.94736842105263,-10.519480519480517,84_34,312.65908821689635,51.89175518217558,1,0.0
203.68421052631578,-10.519480519480517,86_34,319.96198816179253,50.914956708051186,1,0.0
208.42105263157896,-10.519480519480517,88_34,326.862216229862,49.4381827180426,1,0.0
213.1578947368421,-10.519480519480517,90_34,333.26288662705554,47.51383134528728,1,0.0
217.89473684210526,-10.519480519480517,92_34,339.12205680937313,45.199927519032535,1,0.0
222.6315789473684,-10.519480519480517,94_34,344.4415211433951,42.55390316402844,1,0.0
227.36842105263156,-10.519480519480517,96_34,349.25212721171266,39.62862345919085,1,0.0
232.10526315789474,-10.519480519480517,98_34,353.6006145328371,36.470483380863925,1,0.0
236.8421052631579,-10.519480519480517,100_34,357.53999015696655,33.11896766784581,1,0.0
241.578947368421,-10.519480519480517,102_34,1.1234627936648107,29.60705477997048,1,0.0
246.3157894736842,-10.519480519480517,104_34,4.401131358821722,25.962007174035612,1,0.0
251.05263157894737,-10.519480519480517,106_34,7.41851509671107,22.206268206189762,1,0.0
255.78947368421055,-10.519480519480517,108_34,10.216192844550239,18.358319908236535,1,0.0
260.52631578947364,-10.519480519480517,110_34,12.830050702691327,14.43343965754222,1,0.0
265.2631578947368,-10.519480519480517,112_34,15.291828969950163,10.44433982223477,1,0.0
270.0,-10.519480519480517,114_34,17.62979315984893,6.401696865103605,0,0.0
274.7368421052632,-10.519480519480517,116_34,19.869439671506463,2.3145855725177724,0,0.0
279.4736842105263,-10.519480519480517,118_34,22.034199054551205,-1.8091634024421792,0,0.0
284.2105263157895,-10.519480519480517,120_34,24.146131483635994,-5.96266488106512,1,0.0
288.94736842105266,-10.519480519480517,122_34,26.226629261358326,-10.139722853850955,1,0.0
293.6842105263158,-10.519480519480517,124_34,28.297156293002153,-14.334601067536683,1,0.0
298.4210526315789,-10.519480519480517,126_34,30.38006920111448,-18.54180526270053,1,0.0
303.1578947368421,-10.519480519480517,128_34,32.499583110536825,-22.75586065783744,1,0.0
307.89473684210526,-10.519480519480517,130_34,34.68297155802869,-26.97106505973466,1,0.0
312.6315789473684,-10.519480519480517,132_34,36.962130398664165,-31.18119163399216,1,0.0
317.36842105263156,-10.519480519480517,134_34,39.37569887033413,-35.37910402196213,1,0.0
322.10526315789474,-10.519480519480517,136_34,41.97203084375315,-39.55622680747975,1,0.0
326.8421052631579,-10.519480519480517,138_34,44.813466294830484,-43.70178032323462,1,0.0
331.57894736842104,-10.519480519480517,140_34,47.98259450916533,-47.80162964446797,1,0.0
336.3157894736842,-10.519480519480517,142_34,51.591548590212724,-51.836494188013546,1,0.0
341.05263157894734,-10.519480519480517,144_34,55.79578281005337,-55.77908451341794,1,0.0
345.7894736842105,-10.519480519480517,146_34,60.813922349961366,-59.58943219052898,1,0.0
350.52631578947364,-10.519480519480517,148_34,66.95371613148477,-63.2072387618688,1,0.0
355.2631578947368,-10.519480519480517,150_34,74.63600584104057,-66.53971493076402,1,0.0
0.0,-5.84415584415585,0_36,90.73427655741345,-65.44821684596413,1,0.0
4.705882352941176,-5.84415584415585,2_36,101.44441508400128,-67.34520373728992,1,0.0
9.411764705882351,-5.84415584415585,4_36,113.5522588873944,-68.46438881421822,1,0.0
14.117647058823527,-5.84415584415585,6_36,126.3766172407887,-68.68223647003613,1,0.0
18.823529411764703,-5.84415584415585,8_36,138.92928287687275,-67.97186641880967,1,0.0
23.52941176470588,-5.84415584415585,10_36,150.34420046429366,-66.4173877515671,1,0.0
28.235294117647054,-5.84415584415585,12_36,160.19147407096824,-64.17155708521692,1,0.0
32.94117647058823,-5.84415584415585,14_36,168.45328659702685,-61.39790905775471,1,0.0
37.647058823529406,-5.84415584415585,16_36,175.331193835529,-58.235839115088424,1,0.0
42.35294117647058,-5.84415584415585,18_36,181.08613045884766,-54.79151870597416,1,0.0
47.05882352941176,-5.84415584415585,20_36,185.96004584964447,-51.1418252410429,1,0.0
51.764705882352935,-5.84415584415585,22_36,190.15175788622818,-47.341543047739506,1,0.0
56.47058823529411,-5.84415584415585,24_36,193.81678370116018,-43.429834478197215,1,0.0
61.17647058823529,-5.84415584415585,26_36,197.07472953537444,-39.43507851054527,1,0.0
65.88235294117646,-5.84415584415585,28_36,200.01755906713953,-35.37824829983288,1,0.0
70.58823529411764,-5.84415584415585,30_36,202.7166328772949,-31.275214395620374,1,0.0
75.29411764705881,-5.84415584415585,32_36,205.2281696900846,-27.138313178426245,1,0.0
80.0,-5.84415584415585,34_36,207.59733584053194,-22.977426741870605,1,0.0
84.70588235294116,-5.84415584415585,36_36,209.86127973394528,-18.800741132030414,1,0.0
89.41176470588235,-5.84415584415585,38_36,212.05139725524313,-14.615293645927684,1,0.0
94.11764705882352,-5.84415584415585,40_36,214.19505261097825,-10.427382713399192,1,0.0
98.8235294117647,-5.84415584415585,42_36,216.3169222157735,-6.242890071353515,1,0.0
103.52941176470587,-5.84415584415585,44_36,218.440085268816,-2.067550014252176,1,0.0
108.23529411764706,-5.84415584415585,46_36,220.58695321159837,2.0928085608503766,1,0.0
112.94117647058822,-5.84415584415585,48_36,222.78010871511836,6.232026719011422,1,0.0
117.6470588235294,-5.84415584415585,50_36,225.04311044895758,10.343368401991517,1,0.0
122.35294117647058,-5.84415584415585,52_36,227.40131010753157,14.419243644601204,1,0.0
127.05882352941177,-5.84415584415585,54_36,229.88272046977116,18.45088249600859,1,0.0
131.76470588235293,-5.84415584415585,56_36,232.518964467988,22.42793697256215,1,0.0
136.4705882352941,-5.84415584415585,58_36,235.34632045911417,26.337984073044865,1,0.0
141.17647058823528,-5.84415584415585,60_36,238.40684981213556,30.165898111815867,1,0.0
145.88235294117646,-5.84415584415585,62_36,241.7495350936486,33.89305721853601,1,0.0
150.58823529411762,-5.84415584415585,64_36,245.43124624936286,37.49635107557919,1,0.0
155.2941176470588,-5.84415584415585,66_36,249.5171508107372,40.94697382504926,1,0.0
160.0,-5.84415584415585,68_36,254.07984490276047,44.2090349646444,1,0.0
164.7058823529412,-5.84415584415585,70_36,259.19597464747477,47.23813162387234,1,0.0
169.41176470588232,-5.84415584415585,72_36,264.93852030972704,49.98023832959384,1,0.0
174.1176470588235,-5.84415584415585,74_36,271.36262023070316,52.37161299041247,1,0.0
178.8235294117647,-5.84415584415585,76_36,278.48380988787795,54.34082866271399,1,0.0
183.52941176470588,-5.84415584415585,78_36,286.2513566737034,55.81422465672998,1,0.0
188.23529411764704,-5.84415584415585,80_36,294.52644820659435,56.72541811147198,1,0.0
192.94117647058823,-5.84415584415585,82_36,303.08126109947455,57.0274969841083,1,0.0
197.6470588235294,-5.84415584415585,84_36,311.6309521592918,56.70379223934079,1,0.0
202.35294117647058,-5.84415584415585,86_36,319.89177474288164,55.772144029477666,1,0.0
207.05882352941174,-5.84415584415585,88_36,327.6386593102293,54.28034448053502,1,0.0
211.76470588235293,-5.84415584415585,90_36,334.7360360388089,52.2952267130108,1,0.0
216.47058823529412,-5.84415584415585,92_36,341.13590828533086,49.89051055937905,1,0.0
221.17647058823528,-5.84415584415585,94_36,346.85562328515215,47.137424423306065,1,0.0
225.88235294117644,-5.84415584415585,96_36,351.951260846775,44.09939102411873,1,0.0
230.58823529411762,-5.84415584415585,98_36,356.4961231892538,40.83009157808866,1,0.0
235.2941176470588,-5.84415584415585,100_36,0.56681395505373,37.3736114347668,1,0.0
239.99999999999997,-5.84415584415585,102_36,4.235708930583757,33.765570708006656,1,0.0
244.70588235294116,-5.84415584415585,104_36,7.567691894392974,30.03455503715083,1,0.0
249.41176470588235,-5.84415584415585,106_36,10.619347272031115,26.203499894994646,1,0.0
254.11764705882354,-5.84415584415585,108_36,13.439399336274011,22.290890355869358,1,0.0
258.8235294117647,-5.84415584415585,110_36,16.069689296617682,18.311746025436047,1,0.0
263.52941176470586,-5.84415584415585,112_36,18.546315330311604,14.278408190810417,1,0.0
268.2352941176471,-5.84415584415585,114_36,20.900758063578717,10.201162371425708,1,0.0
272.9411764705882,-5.84415584415585,116_36,23.16092250681791,6.0887313633036815,1,0.0
277.6470588235294,-5.84415584415585,118_36,25.352083942332463,1.948670362851929,0,0.0
282.35294117647055,-5.84415584415585,120_36,27.497753648909477,-2.212309024292204,0,0.0
287.0588235294117,-5.84415584415585,122_36,29.62049480934904,-6.388063345653324,1,0.0
291.7647058823529,-5.84415584415585,124_36,31.742727641311994,-10.572770919397742,1,0.0
296.4705882352941,-5.84415584415585,126_36,33.88757051586866,-14.760696482452554,1,0.0
301.17647058823525,-5.84415584415585,128_36,36.07977372448587,-18.945948566682425,1,0.0
305.88235294117646,-5.84415584415585,130_36,38.346817155627136,-23.12220888128496,1,0.0
310.5882352941176,-5.84415584415585,132_36,40.72026498168154,-27.282407742928896,1,0.0
315.29411764705884,-5.84415584415585,134_36,43.2375023063247,-31.41831036367123,1,0.0
320.0,-5.84415584415585,136_36,45.94402315402268,-35.519963631198394,1,0.0
324.70588235294116,-5.84415584415585,138_36,48.896496437092736,-39.57492882055089,1,0.0
329.4117647058824,-5.84415584415585,140_36,52.166897783488274,-43.56718793667959,1,0.0
334.1176470588235,-5.84415584415585,142_36,55.84802353519243,-47.47555441662704,1,0.0
338.82352941176464,-5.84415584415585,144_36,60.06058421746811,-51.27133882525688,1,0.0
343.52941176470586,-5.84415584415585,146_36,64.96149361657861,-54.9149269551905,1,0.0
348.235294117647,-5.84415584415585,148_36,70.75114702623652,-58.35088465954758,1,0.0
352.9411764705882,-5.84415584415585,150_36,77.67276947972134,-61.50143576136644,1,0.0
357.6470588235294,-5.84415584415585,152_36,85.98696923937848,-64.25928128074688,1,0.0
0.0,-1.1688311688311699,0_38,95.36888496433434,-61.25717759448085,1,0.0
4.675324675324675,-1.1688311688311699,2_38,104.74000796793507,-62.878552430798095,1,0.0
9.35064935064935,-1.1688311688311699,4_38,114.95891615075833,-63.82309325866771,1,0.0
14.025974025974026,-1.1688311688311699,6_38,125.59469177941044,-64.01645225692403,1,0.0
18.7012987012987,-1.1688311688311699,8_38,136.0878688204161,-63.442133146360575,1,0.0
23.376623376623375,-1.1688311688311699,10_38,145.92464043374932,-62.147823813208184,1,0.0
28.051948051948052,-1.1688311688311699,12_38,154.77897347270735,-60.22780396027089,1,0.0
32.72727272727273,-1.1688311688311699,14_38,162.54043118075782,-57.79456345356555,1,0.0
37.4025974025974,-1.1688311688311699,16_38,169.25477641678359,-54.955831782687206,1,0.0
42.077922077922075,-1.1688311688311699,18_38,175.04644599762517,-51.80308649933447,1,0.0
46.75324675324675,-1.1688311688311699,20_38,180.06246557948785,-48.409028318452236,1,0.0
51.42857142857143,-1.1688311688311699,22_38,184.4428699996807,-44.82953775639579,1,0.0
56.103896103896105,-1.1688311688311699,24_38,188.3091970376994,-41.107006133347554,1,0.0
60.77922077922078,-1.1688311688311699,26_38,191.76240864867805,-37.273571595435286,1,0.0
65.45454545454545,-1.1688311688311699,28_38,194.88479939748024,-33.353775374605526,1,0.0
70.12987012987013,-1.1688311688311699,30_38,197.7431320693063,-29.366591070431728,1,0.0
74.8051948051948,-1.1688311688311699,32_38,200.39180235655283,-25.326927176587326,1,0.0
79.48051948051948,-1.1688311688311699,34_38,202.8756059544599,-21.246728334740244,1,0.0
84.15584415584415,-1.1688311688311699,36_38,205.23202100018804,-17.13578476320317,1,0.0
88.83116883116882,-1.1688311688311699,38_38,207.4930503281977,-13.002334699673547,1,0.0
93.5064935064935,-1.1688311688311699,40_38,209.686707836438,-8.853522629884417,1,0.0
98.18181818181817,-1.1688311688311699,42_38,211.83823649282505,-4.695759182545396,1,0.0
102.85714285714286,-1.1688311688311699,44_38,213.97113666414106,-0.5350166264758777,1,0.0
107.53246753246752,-1.1688311688311699,46_38,216.10807274462974,3.622914019509928,1,0.0
112.20779220779221,-1.1688311688311699,48_38,218.27171739379864,7.772183040543281,1,0.0
116.88311688311687,-1.1688311688311699,50_38,220.48558727629813,11.906640294379482,1,0.0
121.55844155844156,-1.1688311688311699,52_38,222.77492212769104,16.019572849701778,1,0.0
126.23376623376623,-1.1688311688311699,54_38,225.16765975330767,20.103401164051277,1,0.0
130.9090909090909,-1.1688311688311699,56_38,227.69556201041522,24.149308752581092,1,0.0
135.58441558441558,-1.1688311688311699,58_38,230.39554830264083,28.14677353381507,1,0.0
140.25974025974025,-1.1688311688311699,60_38,233.31128785902845,32.082959396774605,1,0.0
144.93506493506493,-1.1688311688311699,62_38,236.49507763910768,35.94191406656303,1,0.0
149.6103896103896,-1.1688311688311699,64_38,240.00996319655604,39.70350550548646,1,0.0
154.28571428571428,-1.1688311688311699,66_38,243.93189381294934,43.34201914993443,1,0.0
158.96103896103895,-1.1688311688311699,68_38,248.35134574723037,46.82434666590174,1,0.0
163.63636363636363,-1.1688311688311699,70_38,253.3731454620784,50.10775758475924,1,0.0
168.3116883116883,-1.1688311688311699,72_38,259.1120018577864,53.137428018561664,1,0.0
172.98701298701297,-1.1688311688311699,74_38,265.6795422551939,55.84432288576984,1,0.0
177.66233766233765,-1.1688311688311699,76_38,273.1573902668998,58.14480923928878,1,0.0
182.33766233766235,-1.1688311688311699,78_38,281.55318260041014,59.94440615844028,1,0.0
187.012987012987,-1.1688311688311699,80_38,290.74779809254784,61.14847210910664,1,0.0
191.68831168831167,-1.1688311688311699,82_38,300.4630555431154,61.6804575943705,1,0.0
196.36363636363635,-1.1688311688311699,84_38,310.2904211174259,61.50249345490208,1,0.0
201.03896103896102,-1.1688311688311699,86_38,319.7904057503315,60.6275474224212,1,0.0
205.71428571428572,-1.1688311688311699,88_38,328.61102245294,59.11511332926722,1,0.0
210.3896103896104,-1.1688311688311699,90_38,336.554536415453,57.0534050479869,1,0.0
215.06493506493504,-1.1688311688311699,92_38,343.5713453375113,54.53883101818301,1,0.0
219.74025974025972,-1.1688311688311699,94_38,349.7124636887408,51.661303228015754,1,0.0
224.41558441558442,-1.1688311688311699,96_38,355.07892203862264,48.497312777745215,1,0.0
229.0909090909091,-1.1688311688311699,98_38,359.78624897055585,45.108602796715175,1,0.0
233.76623376623374,-1.1688311688311699,100_38,3.945191771201924,41.543654545506094,1,0.0
238.4415584415584,-1.1688311688311699,102_38,7.653629768347361,37.84009578289278,1,0.0
243.11688311688312,-1.1688311688311699,104_38,10.994658768247824,34.02709174229639,1,0.0
247.7922077922078,-1.1688311688311699,106_38,14.037533589762168,30.12737169978248,1,0.0
252.46753246753246,-1.1688311688311699,108_38,16.83966113756067,26.1588296924519,1,0.0
257.14285714285717,-1.1688311688311699,110_38,19.448780891128948,22.135748152293395,1,0.0
261.8181818181818,-1.1688311688311699,112_38,21.904977135829807,18.069721745054913,1,0.0
266.4935064935065,-1.1688311688311699,114_38,24.242413835834398,13.970355239286611,1,0.0
271.16883116883116,-1.1688311688311699,116_38,26.490792233679542,9.84579628772543,1,0.0
275.8441558441558,-1.1688311688311699,118_38,28.67657379947754,5.703150508757602,1,0.0
280.5194805194805,-1.1688311688311699,120_38,30.824023829681686,1.5488151393731324,0,0.0
285.19480519480516,-1.1688311688311699,122_38,32.956131864519364,-2.6112406437108353,0,0.0
289.87012987012986,-1.1688311688311699,124_38,35.09546266444983,-6.771226087050736,1,0.0
294.5454545454545,-1.1688311688311699,126_38,37.264989658546696,-10.925290333414159,1,0.0
299.2207792207792,-1.1688311688311699,128_38,39.48896332120362,-15.067276368096964,1,0.0
303.8961038961039,-1.1688311688311699,130_38,41.79387064406656,-19.190447640857602,1,0.0
308.57142857142856,-1.1688311688311699,132_38,44.20954896959776,-23.287164097688535,1,0.0
313.24675324675326,-1.1688311688311699,134_38,46.77052740229822,-27.34847809945269,1,0.0
317.9220779220779,-1.1688311688311699,136_38,49.51767955247856,-31.363610895171202,1,0.0
322.5974025974026,-1.1688311688311699,138_38,52.50027609657631,-35.31925600494612,1,0.0
327.27272727272725,-1.1688311688311699,140_38,55.778508602590755,-39.19863632018472,1,0.0
331.9480519480519,-1.1688311688311699,142_38,59.42648027161104,-42.98021772815292,1,0.0
336.6233766233766,-1.1688311688311699,144_38,63.53544393478306,-46.63595943379835,1,0.0
341.2987012987013,-1.1688311688311699,146_38,68.21654913590046,-50.12897944170313,1,0.0
345.97402597402595,-1.1688311688311699,148_38,73.60124569478685,-53.410585283616186,1,0.0
350.64935064935065,-1.1688311688311699,150_38,79.83538988586774,-56.4168845360517,1,0.0
355.3246753246753,-1.1688311688311699,152_38,87.05995204641526,-59.065866542990015,1,0.0
0.0,3.5064935064934972,0_40,98.89793705251881,-56.945594922348675,1,0.0
4.675324675324675,3.5064935064934972,2_40,107.21512306922222,-58.362759710294604,1,0.0
9.35064935064935,3.5064935064934972,4_40,116.0844278369932,-59.1785234461754,1,0.0
14.025974025974026,3.5064935064934972,6_40,125.21590165835023,-59.34456034754775,1,0.0
18.7012987012987,3.5064935064934972,8_40,134.25836283930468,-58.85042464815405,1,0.0
23.376623376623375,3.5064935064934972,10_40,142.88202210980936,-57.72658248878926,1,0.0
28.051948051948052,3.5064935064934972,12_40,150.84949487420792,-56.03583568003104,1,0.0
32.72727272727273,3.5064935064934972,14_40,158.0419857077462,-53.85818135686799,1,0.0
37.4025974025974,3.5064935064934972,16_40,164.44276379847943,-51.27635662085,1,0.0
42.077922077922075,3.5064935064934972,18_40,170.10168679378498,-48.36630552388467,1,0.0
46.75324675324675,3.5064935064934972,20_40,175.101555026691,-45.19288581214203,1,0.0
51.42857142857143,3.5064935064934972,22_40,179.53483547732176,-41.80917750713868,1,0.0
56.103896103896105,3.5064935064934972,24_40,183.4906656811457,-38.25762450921757,1,0.0
60.77922077922078,3.5064935064934972,26_40,187.04903958604385,-34.571815646760264,1,0.0
65.45454545454545,3.5064935064934972,28_40,190.27914651264004,-30.778284793109435,1,0.0
70.12987012987013,3.5064935064934972,30_40,193.2397824114379,-26.89807873233502,1,0.0
74.8051948051948,3.5064935064934972,32_40,195.98062732876917,-22.94803178872002,1,0.0
79.48051948051948,3.5064935064934972,34_40,198.54376740628354,-18.941767883290577,1,0.0
84.15584415584415,3.5064935064934972,36_40,200.96517683175864,-14.890477343617688,1,0.0
88.83116883116882,3.5064935064934972,38_40,203.276052698474,-10.803518394741294,1,0.0
93.5064935064935,3.5064935064934972,40_40,205.50398268569546,-6.688887165081809,1,0.0
98.18181818181817,3.5064935064934972,42_40,207.673964994845,-2.5535920904031415,1,0.0
102.85714285714286,3.5064935064934972,44_40,209.80931642370066,1.5960385116029256,1,0.0
107.53246753246752,3.5064935064934972,46_40,211.9325108628617,5.754092320023929,1,0.0
112.20779220779221,3.5064935064934972,48_40,214.06599366860237,9.91483247586463,1,0.0
116.88311688311687,3.5064935064934972,50_40,216.23302093415472,14.072462397686934,1,0.0
121.55844155844156,3.5064935064934972,52_40,218.458578764319,18.220877415203873,1,0.0
126.23376623376623,3.5064935064934972,54_40,220.77044771676765,22.353382227589627,1,0.0
130.9090909090909,3.5064935064934972,56_40,223.20049273151255,26.462348045077583,1,0.0
135.58441558441558,3.5064935064934972,58_40,225.78627969357265,30.53877451917111,1,0.0
140.25974025974025,3.5064935064934972,60_40,228.57314511260316,34.571707783166495,1,0.0
144.93506493506493,3.5064935064934972,62_40,231.61686915071112,38.547445132084746,1,0.0
149.6103896103896,3.5064935064934972,64_40,234.98710524630076,42.44842683533552,1,0.0
154.28571428571428,3.5064935064934972,66_40,238.77165065759863,46.25167527541468,1,0.0
158.96103896103895,3.5064935064934972,68_40,243.08137589568085,49.926596144135154,1,0.0
163.63636363636363,3.5064935064934972,70_40,248.05488353705897,53.43193105512975,1,0.0
168.3116883116883,3.5064935064934972,72_40,253.86016898741318,56.71172625905982,1,0.0
172.98701298701297,3.5064935064934972,74_40,260.68682638295104,59.69056700144666,1,0.0
177.66233766233765,3.5064935064934972,76_40,268.7163015282037,62.269448522361415,1,0.0
182.33766233766235,3.5064935064934972,78_40,278.0531595129999,64.32602313148737,1,0.0
187.012987012987,3.5064935064934972,80_40,288.61303299769173,65.7259989036015,1,0.0
191.68831168831167,3.5064935064934972,82_40,300.01660399695584,66.35171985104981,1,0.0
196.36363636363635,3.5064935064934972,84_40,311.60693196577876,66.14187158606195,1,0.0
201.03896103896102,3.5064935064934972,86_40,322.657001636858,65.11768661702914,1,0.0
205.71428571428572,3.5064935064934972,88_40,332.63387448641134,63.37344227554927,1,0.0
210.3896103896104,3.5064935064934972,90_40,341.31409757418305,61.039742463409546,1,0.0
215.06493506493504,3.5064935064934972,92_40,348.7233181348587,58.247348247875756,1,0.0
219.74025974025972,3.5064935064934972,94_40,355.01604993346746,55.10750020228399,1,0.0
224.41558441558442,3.5064935064934972,96_40,0.3835652865412433,51.70706429084422,1,0.0
229.0909090909091,3.5064935064934972,98_40,5.006653419550964,48.111135410307966,1,0.0
233.76623376623374,3.5064935064934972,100_40,9.03881405129044,44.36777045922398,1,0.0
238.4415584415584,3.5064935064934972,102_40,12.604320758417597,40.51246492347907,1,0.0
243.11688311688312,3.5064935064934972,104_40,15.801895382969152,36.57168931928706,1,0.0
247.7922077922078,3.5064935064934972,106_40,18.70969670337642,32.56548757527807,1,0.0
252.46753246753246,3.5064935064934972,108_40,21.389974365101164,28.50933174109397,1,0.0
257.14285714285717,3.5064935064934972,110_40,23.89291902000781,24.415436622709272,1,0.0
261.8181818181818,3.5064935064934972,112_40,26.259696917611535,20.293697120580585,1,0.0
266.4935064935065,3.5064935064934972,114_40,28.524802033842136,16.152366761194706,1,0.0
271.16883116883116,3.5064935064934972,116_40,30.717882181247262,11.998560661114267,1,0.0
275.8441558441558,3.5064935064934972,118_40,32.865178424347505,7.838641000823656,1,0.0
280.5194805194805,3.5064935064934972,120_40,34.99069128020968,3.6785260683832703,0,0.0
285.19480519480516,3.5064935064934972,122_40,37.11716375835425,-0.47604712696868845,1,0.0
289.87012987012986,3.5064935064934972,124_40,39.26695330432986,-4.619283481508656,1,0.0
294.5454545454545,3.5064935064934972,126_40,41.46285221647872,-8.745094194005718,1,0.0
299.2207792207792,3.5064935064934972,128_40,43.728908190398414,-12.84684679861183,1,0.0
303.8961038961039,3.5064935064934972,130_40,46.091292028194346,-16.917082018606166,1,0.0
308.57142857142856,3.5064935064934972,132_40,48.579256511822514,-20.94717605899254,1,0.0
313.24675324675326,3.5064935064934972,134_40,51.22622625800442,-24.92692250250843,1,0.0
317.9220779220779,3.5064935064934972,136_40,54.071048105447346,-28.844001673527135,1,0.0
322.5974025974026,3.5064935064934972,138_40,57.15940581039046,-32.68329761807978,1,0.0
327.27272727272725,3.5064935064934972,140_40,60.545343656524025,-36.42601530195994,1,0.0
331.9480519480519,3.5064935064934972,142_40,64.29271832393798,-40.04854762009874,1,0.0
336.6233766233766,3.5064935064934972,144_40,68.47615151333825,-43.521053719715134,1,0.0
341.2987012987013,3.5064935064934972,146_40,73.18060614119416,-46.805759075588085,1,0.0
345.97402597402595,3.5064935064934972,148_40,78.49797650646852,-49.855115405808135,1,0.0
350.64935064935065,3.5064935064934972,150_40,84.5181128985328,-52.610229552715666,1,0.0
355.3246753246753,3.5064935064934972,152_40,91.31100180665338,-55.000446284859414,1,0.0
0.0,8.181818181818176,0_42,101.68849658738688,-52.555371383304966,1,0.0
4.705882352941176,8.181818181818176,2_42,109.17588081928236,-53.816568707298224,1,0.0
9.411764705882351,8.181818181818176,4_42,117.04377635275159,-54.53218704863018,1,0.0
14.117647058823527,8.181818181818176,6_42,125.085745658395,-54.66888155024418,1,0.0
18.823529411764703,8.181818181818176,8_42,133.06321815167962,-54.219983432623806,1,0.0
23.52941176470588,8.181818181818176,10_42,140.74978118959635,-53.20702613970027,1,0.0
28.235294117647054,8.181818181818176,12_42,147.97019954871172,-51.674944588267714,1,0.0
32.94117647058823,8.181818181818176,14_42,154.6192117288369,-49.68323230657391,1,0.0
37.647058823529406,8.181818181818176,16_42,160.65845164990768,-47.296618062045766,1,0.0
42.35294117647058,8.181818181818176,18_42,166.10017159842926,-44.577873700687796,1,0.0
47.05882352941176,8.181818181818176,20_42,170.98795473073739,-41.58358016971356,1,0.0
51.764705882352935,8.181818181818176,22_42,175.3806472764803,-38.362405600588154,1,0.0
56.47058823529411,8.181818181818176,24_42,179.34142273734201,-34.95501502956049,1,0.0
61.17647058823529,8.181818181818176,26_42,182.93142976086475,-31.39482484804028,1,0.0
65.88235294117646,8.181818181818176,28_42,186.20669699176617,-27.709075284618745,1,0.0
70.58823529411764,8.181818181818176,30_42,189.21705155031867,-23.919929588377364,1,0.0
75.29411764705881,8.181818181818176,32_42,192.00615282865934,-20.04546646441068,1,0.0
80.0,8.181818181818176,34_42,194.61207580509142,-16.100521730028937,1,0.0
84.70588235294116,8.181818181818176,36_42,197.06812030704722,-12.097379328764205,1,0.0
89.41176470588235,8.181818181818176,38_42,199.40367763677958,-8.046330337231645,1,0.0
94.11764705882352,8.181818181818176,40_42,201.6450779607332,-3.956124103453121,1,0.0
98.8235294117647,8.181818181818176,42_42,203.81639404644034,0.16566464049502375,1,0.0
103.52941176470587,8.181818181818176,44_42,205.94020610948976,4.312331191000539,1,0.0
108.23529411764706,8.181818181818176,46_42,208.03834964071052,8.477779856094628,1,0.0
112.94117647058822,8.181818181818176,48_42,210.13268001839035,12.656289418176318,1,0.0
117.6470588235294,8.181818181818176,50_42,212.24589902134673,16.84228868609191,1,0.0
122.35294117647058,8.181818181818176,52_42,214.40250251959046,21.030124888502247,1,0.0
127.05882352941177,8.181818181818176,54_42,216.6299289815141,25.213804708081316,1,0.0
131.76470588235293,8.181818181818176,56_42,218.96001900773547,29.38668181920674,1,0.0
136.4705882352941,8.181818181818176,58_42,221.43094221631998,33.54105433897861,1,0.0
141.17647058823528,8.181818181818176,60_42,224.08981650083078,37.66761801055691,1,0.0
145.88235294117646,8.181818181818176,62_42,226.9963438681866,41.754691779562535,1,0.0
150.58823529411762,8.181818181818176,64_42,230.2279203355553,45.78708440967883,1,0.0
155.2941176470588,8.181818181818176,66_42,233.8868248786521,49.74439264069152,1,0.0
160.0,8.181818181818176,68_42,238.11014971410938,53.59839845384182,1,0.0
164.7058823529412,8.181818181818176,70_42,243.08273209861568,57.30905703863664,1,0.0
169.41176470588232,8.181818181818176,72_42,249.05137041812156,60.81838211062049,1,0.0
174.1176470588235,8.181818181818176,74_42,256.3321347241849,64.04160083303945,1,0.0
178.8235294117647,8.181818181818176,76_42,265.2858313174185,66.85619784495024,1,0.0
183.52941176470588,8.181818181818176,78_42,276.2067530631425,69.09422728038506,1,0.0
188.23529411764704,8.181818181818176,80_42,289.0634244093293,70.5538931306653,1,0.0
192.94117647058823,8.181818181818176,82_42,303.18098762895676,71.05340773136459,1,0.0
197.6470588235294,8.181818181818176,84_42,317.274010284362,70.51845300714328,1,0.0
202.35294117647058,8.181818181818176,86_42,330.0704372841129,69.02836116487346,1,0.0
207.05882352941174,8.181818181818176,88_42,340.92070760152353,66.76703273695989,1,0.0
211.76470588235293,8.181818181818176,90_42,349.8104538673712,63.93569868940503,1,0.0
216.47058823529412,8.181818181818176,92_42,357.03969737158786,60.70074222318832,1,0.0
221.17647058823528,8.181818181818176,94_42,2.968844213218464,57.18319056903196,1,0.0
225.88235294117644,8.181818181818176,96_42,7.911670283818255,53.466708409925964,1,0.0
230.58823529411762,8.181818181818176,98_42,12.112616915650893,49.60852751838709,1,0.0
235.2941176470588,8.181818181818176,100_42,15.754621054748158,45.64819391075156,1,0.0
239.99999999999997,8.181818181818176,102_42,18.973365703285726,41.613596962287225,1,0.0
244.70588235294116,8.181818181818176,104_42,21.87011696856842,37.524921764121714,1,0.0
249.41176470588235,8.181818181818176,106_42,24.52154997436149,33.39721320989786,1,0.0
254.11764705882354,8.181818181818176,108_42,26.98685422676461,29.242053391342015,1,0.0
258.8235294117647,8.181818181818176,110_42,29.312782991120454,25.0686795691688,1,0.0
263.52941176470586,8.181818181818176,112_42,31.5372470243225,20.884748840008655,1,0.0
268.2352941176471,8.181818181818176,114_42,33.69190503102461,16.69687875883697,1,0.0
272.9411764705882,8.181818181818176,116_42,35.80407102538666,12.51104598007608,1,0.0
277.6470588235294,8.181818181818176,118_42,37.898160767342134,8.332896326064514,1,0.0
282.35294117647055,8.181818181818176,120_42,39.99683166387065,4.16800240976859,1,0.0
287.0588235294117,8.181818181818176,122_42,42.121925058992694,0.02209467855926179,1,0.0
291.7647058823529,8.181818181818176,124_42,44.29528969955013,-4.098714066448174,1,0.0
296.4705882352941,8.181818181818176,126_42,46.53954507829317,-8.187693488480189,1,0.0
301.17647058823525,8.181818181818176,128_42,48.87882934835309,-12.237233479758132,1,0.0
305.88235294117646,8.181818181818176,130_42,51.339565231967335,-16.23853773413604,1,0.0
310.5882352941176,8.181818181818176,132_42,53.95126531777155,-20.181254092756046,1,0.0
315.29411764705884,8.181818181818176,134_42,56.747380747909986,-24.05302007035381,1,0.0
320.0,8.181818181818176,136_42,59.766167530916555,-27.83889965992387,1,0.0
324.70588235294116,8.181818181818176,138_42,63.05149147140227,-31.520687341384296,1,0.0
329.4117647058824,8.181818181818176,140_42,66.65339895438076,-35.07606102850362,1,0.0
334.1176470588235,8.181818181818176,142_42,70.6281231854396,-38.477584827301065,1,0.0
338.82352941176464,8.181818181818176,144_42,75.0369499335761,-41.69160785114208,1,0.0
343.52941176470586,8.181818181818176,146_42,79.94303183761056,-44.67719674973316,1,0.0
348.235294117647,8.181818181818176,148_42,85.40489821601459,-47.385400208361375,1,0.0
352.9411764705882,8.181818181818176,150_42,91.46534173975277,-49.75938135025399,1,0.0
357.6470588235294,8.181818181818176,152_42,98.13518640462578,-51.73621264204615,1,0.0
0.0,12.857142857142858,0_44,103.9678262584704,-48.1115358739506,1,0.0
4.8,12.857142857142858,2_44,110.84331342939956,-49.25643572022689,1,0.0
9.6,12.857142857142858,4_44,117.99608779282676,-49.889612402359774,1,0.0
14.399999999999999,12.857142857142858,6_44,125.268181102828,-49.986650214178624,1,0.0
19.2,12.857142857142858,8_44,132.48333794488454,-49.54367375909786,1,0.0
24.0,12.857142857142858,10_44,139.47414647694185,-48.57808208951176,1,0.0
28.799999999999997,12.857142857142858,12_44,146.10597415831845,-47.12533774665875,1,0.0
33.599999999999994,12.857142857142858,14_44,152.2900098939227,-45.23309284855622,1,0.0
38.4,12.857142857142858,16_44,157.98383329050435,-42.954679085308754,1,0.0
43.199999999999996,12.857142857142858,18_44,163.18323680344426,-40.34362691758309,1,0.0
48.0,12.857142857142858,20_44,167.91064425482696,-37.44996862902036,1,0.0
52.8,12.857142857142858,22_44,172.20415286546876,-34.318286367633775,1,0.0
57.599999999999994,12.857142857142858,24_44,176.10908885055755,-30.98707038483576,1,0.0
62.4,12.857142857142858,26_44,179.6723699910584,-27.488890013624157,1,0.0
67.19999999999999,12.857142857142858,28_44,182.93919494267243,-23.85098051240979,1,0.0
72.0,12.857142857142858,30_44,185.95138418357055,-20.095984975485223,1,0.0
76.8,12.857142857142858,32_44,188.7467778375569,-16.24270344407703,1,0.0
81.6,12.857142857142858,34_44,191.35925552763106,-12.306777662403265,1,0.0
86.39999999999999,12.857142857142858,36_44,193.81909363259913,-8.30128520208685,1,0.0
91.19999999999999,12.857142857142858,38_44,196.15348899146548,-4.237240799944401,1,0.0
96.0,12.857142857142858,40_44,198.38715567256426,-0.12401414886884994,1,0.0
100.79999999999998,12.857142857142858,42_44,200.54295175015804,4.030322164041551,1,0.0
105.6,12.857142857142858,44_44,202.6425255340893,8.21869980262112,1,0.0
110.39999999999999,12.857142857142858,46_44,204.70699306840007,12.434802375615448,1,0.0
115.19999999999999,12.857142857142858,48_44,206.75767687629602,16.672839492288702,1,0.0
119.99999999999999,12.857142857142858,50_44,208.81695478414852,20.927332677512332,1,0.0
124.8,12.857142857142858,52_44,210.9092921072363,25.192896992773033,1,0.0
129.59999999999997,12.857142857142858,54_44,213.0625667024788,29.46399836204161,1,0.0
134.39999999999998,12.857142857142858,56_44,215.30985366022003,33.734659163034735,1,0.0
139.2,12.857142857142858,58_44,217.6919299941982,37.99807111713636,1,0.0
144.0,12.857142857142858,60_44,220.26091579369213,42.24605023178708,1,0.0
148.79999999999998,12.857142857142858,62_44,223.08573218061423,46.46822458165098,1,0.0
153.6,12.857142857142858,64_44,226.26050404466045,50.65076458214615,1,0.0
158.4,12.857142857142858,66_44,229.9177812918252,54.774312522622864,1,0.0
163.2,12.857142857142858,68_44,234.2496052634014,58.81047574049107,1,0.0
167.99999999999997,12.857142857142858,70_44,239.54079005418325,62.715692496566064,1,0.0
172.79999999999998,12.857142857142858,72_44,246.21822774587997,66.42029653474938,1,0.0
177.6,12.857142857142858,74_44,254.9073321232838,69.80933321830415,1,0.0
182.39999999999998,12.857142857142858,76_44,266.4247410878853,72.69261946285316,1,0.0
187.2,12.857142857142858,78_44,281.453439275218,74.77690487612945,1,0.0
192.0,12.857142857142858,80_44,299.53618123747714,75.70621830429862,1,0.0
196.79999999999998,12.857142857142858,82_44,318.19886805463597,75.25967271769488,1,0.0
201.59999999999997,12.857142857142858,84_44,334.4753816624947,73.54925927441818,1,0.0
206.39999999999998,12.857142857142858,86_44,347.20203090342875,70.91293835333322,1,0.0
211.2,12.857142857142858,88_44,356.80453611680304,67.67816674386611,1,0.0
215.99999999999997,12.857142857142858,90_44,4.118897479209052,64.0701870408249,1,0.0
220.79999999999998,12.857142857142858,92_44,9.848240883185031,60.2269650935513,1,0.0
225.6,12.857142857142858,94_44,14.484719561837146,56.23162968739368,1,0.0
230.39999999999998,12.857142857142858,96_44,18.357525393800447,52.13549007407286,1,0.0
235.2,12.857142857142858,98_44,21.68731110773218,47.97147556957764,1,0.0
239.99999999999997,12.857142857142858,100_44,24.62497959032547,43.76167279116028,1,0.0
244.79999999999998,12.857142857142858,102_44,27.27656722386765,39.52159598955319,1,0.0
249.6,12.857142857142858,104_44,29.71885420562047,35.26267719262532,1,0.0
254.4,12.857142857142858,106_44,32.00922680679377,30.99377195442597,1,0.0
259.19999999999993,12.857142857142858,108_44,34.19202916883077,26.72210760520905,1,0.0
263.99999999999994,12.857142857142858,110_44,36.3027585043756,22.453908250801046,1,0.0
268.79999999999995,12.857142857142858,112_44,38.37091807930865,18.194829205371185,1,0.0
273.59999999999997,12.857142857142858,114_44,40.42202338530965,13.950278920633782,1,0.0
278.4,12.857142857142858,116_44,42.47906873681988,9.725676493675248,1,0.0
283.2,12.857142857142858,118_44,44.56364934018294,5.526676155933242,1,0.0
288.0,12.857142857142858,120_44,46.69686580127107,1.359380896768435,1,0.0
292.79999999999995,12.857142857142858,122_44,48.90009557966482,-2.769437556177652,1,0.0
297.59999999999997,12.857142857142858,124_44,51.195688055851775,-6.852097497686915,1,0.0
302.4,12.857142857142858,126_44,53.60761961780399,-10.879730557209877,1,0.0
307.2,12.857142857142858,128_44,56.162127303011424,-14.841955185379588,1,0.0
312.0,12.857142857142858,130_44,58.888319277132815,-18.72648555459915,1,0.0
316.8,12.857142857142858,132_44,61.818732337151374,-22.518661538511363,1,0.0
321.6,12.857142857142858,134_44,64.98976369322524,-26.20088836314635,1,0.0
326.4,12.857142857142858,136_44,68.44183760769941,-29.751982897884265,1,0.0
331.19999999999993,12.857142857142858,138_44,72.21906747722534,-33.14644228636307,1,0.0
335.99999999999994,12.857142857142858,140_44,76.3680357216284,-36.35368720070815,1,0.0
340.79999999999995,12.857142857142858,142_44,80.93515132864567,-39.33739613205608,1,0.0
345.59999999999997,12.857142857142858,144_44,85.96191996276731,-42.05514705495427,1,0.0
350.4,12.857142857142858,146_44,91.47752745385198,-44.45871432302754,1,0.0
355.2,12.857142857142858,148_44,97.4886660370161,-46.49549277928321,1,0.0
0.0,17.532467532467525,0_46,105.88228859379393,-43.629834491988085,1,0.0
4.8979591836734695,17.532467532467525,2_46,112.22796922539773,-44.676387520495794,1,0.0
9.795918367346939,17.532467532467525,4_46,118.78155599864708,-45.24050526216651,1,0.0
14.693877551020407,17.532467532467525,6_46,125.41922620036706,-45.30384032877147,1,0.0
19.591836734693878,17.532467532467525,8_46,132.00626504325817,-44.864276083501345,1,0.0
24.489795918367346,17.532467532467525,10_46,138.41456849730616,-43.93626498778029,1,0.0
29.387755102040813,17.532467532467525,12_46,144.5381207736358,-42.54857734478456,1,0.0
34.285714285714285,17.532467532467525,14_46,150.30219995034938,-40.74022694262552,1,0.0
39.183673469387756,17.532467532467525,16_46,155.66511229468736,-38.55579217895602,1,0.0
44.08163265306122,17.532467532467525,18_46,160.61411275797042,-36.041218162224034,1,0.0
48.97959183673469,17.532467532467525,20_46,165.15839005816176,-33.24070448471097,1,0.0
53.87755102040816,17.532467532467525,22_46,169.32165094297892,-30.194793568870594,1,0.0
58.77551020408163,17.532467532467525,24_46,173.13580681792303,-26.93946829078844,1,0.0
63.6734693877551,17.532467532467525,26_46,176.6363005638783,-23.505959660622494,1,0.0
68.57142857142857,17.532467532467525,28_46,179.85901188408252,-19.920983680428627,1,0.0
73.46938775510205,17.532467532467525,30_46,182.83842364789635,-16.207195627157105,1,0.0
78.36734693877551,17.532467532467525,32_46,185.6066891800617,-12.383723304401858,1,0.0
83.26530612244898,17.532467532467525,34_46,188.19329466269338,-8.466698984382198,1,0.0
88.16326530612244,17.532467532467525,36_46,190.62509130281413,-4.469749488294957,1,0.0
93.06122448979592,17.532467532467525,38_46,192.92654637808377,-0.4044283326322314,1,0.0
97.95918367346938,17.532467532467525,40_46,195.12012068354355,3.719412292597446,1,0.0
102.85714285714286,17.532467532467525,42_46,197.22672253512613,7.893304788037147,1,0.0
107.75510204081633,17.532467532467525,44_46,199.26621929098354,12.109896393863322,1,0.0
112.65306122448979,17.532467532467525,46_46,201.25801106660637,16.36271677662485,1,0.0
117.55102040816325,17.532467532467525,48_46,203.22169265633013,20.645972639322665,1,0.0
122.44897959183672,17.532467532467525,50_46,205.17785360220603,24.95435823814386,1,0.0
127.3469387755102,17.532467532467525,52_46,207.14909912941278,29.28286899681276,1,0.0
132.24489795918367,17.532467532467525,54_46,209.1614258060378,33.626601879666616,1,0.0
137.14285714285714,17.532467532467525,56_46,211.24617178414098,37.98051926111359,1,0.0
142.04081632653063,17.532467532467525,58_46,213.44291336993257,42.33913976675514,1,0.0
146.9387755102041,17.532467532467525,60_46,215.80395907950924,46.69609396168858,1,0.0
151.83673469387756,17.532467532467525,62_46,218.40162722524653,51.04343193095079,1,0.0
156.73469387755102,17.532467532467525,64_46,221.34056012808202,55.37046452586854,1,0.0
161.6326530612245,17.532467532467525,66_46,224.77954643665356,59.66169037058565,1,0.0
166.53061224489795,17.532467532467525,68_46,228.972100418485,63.89282910734349,1,0.0
171.42857142857142,17.532467532467525,70_46,234.34543621203125,68.02267367068373,1,0.0
176.32653061224488,17.532467532467525,72_46,241.6581484180145,71.97510254933347,1,0.0
181.22448979591834,17.532467532467525,74_46,252.2961252854179,75.59710233552363,1,0.0
186.12244897959184,17.532467532467525,76_46,268.5845223684986,78.5644782951145,1,0.0
191.0204081632653,17.532467532467525,78_46,292.5158998153185,80.25511512887051,1,0.0
195.91836734693877,17.532467532467525,80_46,319.96621951973464,79.99716746900066,1,0.0
200.81632653061226,17.532467532467525,82_46,342.016709490407,77.91499482187568,1,0.0
205.71428571428572,17.532467532467525,84_46,356.638604791378,74.73941162932283,1,0.0
210.6122448979592,17.532467532467525,86_46,6.269471105515722,71.01376161554244,1,0.0
215.51020408163265,17.532467532467525,88_46,13.000611704017485,67.00691463652923,1,0.0
220.40816326530611,17.532467532467525,90_46,18.02562049488826,62.846541001088255,1,0.0
225.30612244897958,17.532467532467525,92_46,21.999203509037486,58.597444410718154,1,0.0
230.20408163265304,17.532467532467525,94_46,25.294588196065405,54.295467159520534,1,0.0
235.1020408163265,17.532467532467525,96_46,28.136291654898404,49.96216346757978,1,0.0
239.99999999999997,17.532467532467525,98_46,30.666780173032063,45.611563792570315,1,0.0
244.89795918367344,17.532467532467525,100_46,32.98108340098006,41.2535278486188,1,0.0
249.79591836734693,17.532467532467525,102_46,35.14563422983841,36.89552696429964,1,0.0
254.6938775510204,17.532467532467525,104_46,37.209025662436474,32.5436569527298,1,0.0
259.59183673469386,17.532467532467525,106_46,39.20843913017172,28.203253798144484,1,0.0
264.48979591836735,17.532467532467525,108_46,41.173656802774524,23.879296342912642,1,0.0
269.38775510204084,17.532467532467525,110_46,43.12967550360212,19.57669274195838,1,0.0
274.2857142857143,17.532467532467525,112_46,45.09848655217264,15.300504751877034,1,0.0
279.18367346938777,17.532467532467525,114_46,47.10034668337684,11.056142232864756,1,0.0
284.08163265306126,17.532467532467525,116_46,49.15473388363888,6.849548958085785,1,0.0
288.9795918367347,17.532467532467525,118_46,51.281106819084066,2.6873949493011544,1,0.0
293.8775510204082,17.532467532467525,120_46,53.49954114666015,-1.422712402246047,1,0.0
298.7755102040816,17.532467532467525,122_46,55.831286142124654,-5.471987565815932,1,0.0
303.6734693877551,17.532467532467525,124_46,58.299262306307014,-9.45018628658455,1,0.0
308.57142857142856,17.532467532467525,126_46,60.92849912480739,-13.345275779062462,1,0.0
313.46938775510205,17.532467532467525,128_46,63.746487118587126,-17.143048029312425,1,0.0
318.3673469387755,17.532467532467525,130_46,66.78338500945605,-20.826672613019703,1,0.0
323.265306122449,17.532467532467525,132_46,70.07197655949864,-24.376193949696166,1,0.0
328.1632653061224,17.532467532467525,134_46,73.64720901034464,-27.767993990496496,1,0.0
333.0612244897959,17.532467532467525,136_46,77.54506753196873,-30.97426918517137,1,0.0
337.9591836734694,17.532467532467525,138_46,81.80046191892384,-33.962614732181564,1,0.0
342.85714285714283,17.532467532467525,140_46,86.44376324020187,-36.695871797947355,1,0.0
347.7551020408163,17.532467532467525,142_46,91.49571130402857,-39.1324683350928,1,0.0
352.65306122448976,17.532467532467525,144_46,96.96074432844343,-41.227546224743364,1,0.0
357.55102040816325,17.532467532467525,146_46,102.81949922023165,-42.93516221379407,1,0.0
0.0,22.207792207792203,0_48,107.52982659834694,-39.120635302661604,1,0.0
5.034965034965035,22.207792207792203,2_48,113.44954711070477,-40.08699070485845,1,0.0
10.06993006993007,22.207792207792203,4_48,119.5303254786582,-40.59024667544707,1,0.0
15.104895104895107,22.207792207792203,6_48,125.67088508858944,-40.61618487831974,1,0.0
20.13986013986014,22.207792207792203,8_48,131.76322385504537,-40.16405705622048,1,0.0
25.174825174825173,22.207792207792203,10_48,137.70478067697937,-39.24668886164821,1,0.0
30.209790209790214,22.207792207792203,12_48,143.40915054857396,-37.888747234079965,1,0.0
35.24475524475525,22.207792207792203,14_48,148.81278976718676,-36.12368646893569,1,0.0
40.27972027972028,22.207792207792203,16_48,153.87686946371983,-33.990178666700714,1,0.0
45.31468531468531,22.207792207792203,18_48,158.58510953938872,-31.528780132935267,1,0.0
50.34965034965035,22.207792207792203,20_48,162.93927552099646,-28.779304667565313,1,0.0
55.38461538461539,22.207792207792203,22_48,166.95398504438597,-25.77905646963751,1,0.0
60.41958041958043,22.207792207792203,24_48,170.65194716256303,-22.561847113981482,1,0.0
65.45454545454545,22.207792207792203,26_48,174.06016832391654,-19.157613736189493,1,0.0
70.4895104895105,22.207792207792203,28_48,177.20722839300987,-15.592439786676609,1,0.0
75.52447552447552,22.207792207792203,30_48,180.12149856188285,-11.888811591443208,1,0.0
80.55944055944056,22.207792207792203,32_48,182.83009082779682,-8.065990086106138,1,0.0
85.5944055944056,22.207792207792203,34_48,185.35833084653547,-4.140419597389694,1,0.0
90.62937062937063,22.207792207792203,36_48,187.72958374196358,-0.1261280338631938,1,0.0
95.66433566433567,22.207792207792203,38_48,189.96530814788892,3.964904971414206,1,0.0
100.6993006993007,22.207792207792203,40_48,192.08525504502512,8.122421486745894,1,0.0
105.73426573426573,22.207792207792203,42_48,194.1077613441955,12.337601651409631,1,0.0
110.76923076923077,22.207792207792203,44_48,196.05011444921047,16.602819939822037,1,0.0
115.80419580419581,22.207792207792203,46_48,197.92898584632087,20.911436041973747,1,0.0
120.83916083916085,22.207792207792203,48_48,199.7609526988162,25.257613986822214,1,0.0
125.87412587412587,22.207792207792203,50_48,201.5631512042758,29.636162419125498,1,0.0
130.9090909090909,22.207792207792203,52_48,203.35414120672542,34.04238797489067,1,0.0
135.94405594405595,22.207792207792203,54_48,205.15512062027946,38.47195176863817,1,0.0
140.979020979021,22.207792207792203,56_48,206.99173465598065,42.92071495562078,1,0.0
146.01398601398603,22.207792207792203,58_48,208.8969292423162,47.38455087359008,1,0.0
151.04895104895104,22.207792207792203,60_48,210.91571445967477,51.85908327846155,1,0.0
156.08391608391608,22.207792207792203,62_48,213.1136083662876,56.33927018714905,1,0.0
161.11888111888112,22.207792207792203,64_48,215.5926484734872,60.81865770230491,1,0.0
166.15384615384616,22.207792207792203,66_48,218.52427560704504,65.28788070210321,1,0.0
171.1888111888112,22.207792207792203,68_48,222.22385860420138,69.73126482443146,1,0.0
176.2237762237762,22.207792207792203,70_48,227.34208384692852,74.11793774113528,1,0.0
181.25874125874125,22.207792207792203,72_48,235.44074162053462,78.37381701149664,1,0.0
186.2937062937063,22.207792207792203,74_48,251.03118606700647,82.26898733514247,1,0.0
191.32867132867133,22.207792207792203,76_48,286.8200632008445,84.88686545086418,1,0.0
196.36363636363637,22.207792207792203,78_48,336.58994297198507,84.13992901404491,1,0.0
201.3986013986014,22.207792207792203,80_48,2.3957536970658695,80.81597368162736,1,0.0
206.43356643356643,22.207792207792203,82_48,14.129942531064295,76.72995946558467,1,0.0
211.46853146853147,22.207792207792203,84_48,20.76423907916016,72.40859806726705,1,0.0
216.5034965034965,22.207792207792203,86_48,25.21184817248681,67.99430840668613,1,0.0
221.53846153846155,22.207792207792203,88_48,28.55807135429635,63.53826927170437,1,0.0
226.5734265734266,22.207792207792203,90_48,31.28514556356315,59.06365569049015,1,0.0
231.60839160839163,22.207792207792203,92_48,33.63844165730712,54.58304699734832,1,0.0
236.64335664335667,22.207792207792203,94_48,35.756485558147965,50.10440767569572,1,0.0
241.6783216783217,22.207792207792203,96_48,37.72432757058063,45.633515454727544,1,0.0
246.7132867132867,22.207792207792203,98_48,39.598084124070965,41.17508640263527,1,0.0
251.74825174825173,22.207792207792203,100_48,41.41728980715428,36.73336040024148,1,0.0
256.7832167832168,22.207792207792203,102_48,43.211593613858966,32.31244299379354,1,0.0
261.8181818181818,22.207792207792203,104_48,45.00462886757829,27.916531538351244,1,0.0
266.8531468531469,22.207792207792203,106_48,46.8163840259347,23.550086432863377,1,0.0
271.8881118881119,22.207792207792203,108_48,48.664739605380824,19.2179792011309,1,0.0
276.92307692307696,22.207792207792203,110_48,50.5665236568413,14.925635841285505,1,0.0
281.958041958042,22.207792207792203,112_48,52.538281056361065,10.679187532561354,1,0.0
286.99300699300704,22.207792207792203,114_48,54.596868076489045,6.485637755497743,1,0.0
292.02797202797206,22.207792207792203,116_48,56.759935797141715,2.3530534316022464,1,0.0
297.06293706293707,22.207792207792203,118_48,59.0463355654503,-1.709213104293224,1,0.0
302.0979020979021,22.207792207792203,120_48,61.47645711672472,-5.690265272755619,1,0.0
307.13286713286715,22.207792207792203,122_48,64.07248917640396,-9.577361969717067,1,0.0
312.16783216783216,22.207792207792203,124_48,66.85856917884601,-13.35557418839146,1,0.0
317.2027972027972,22.207792207792203,126_48,69.86075991718306,-17.007402564957065,1,0.0
322.23776223776224,22.207792207792203,128_48,73.10675438654859,-20.51237000914787,1,0.0
327.2727272727273,22.207792207792203,130_48,76.62516629010987,-23.846620451593864,1,0.0
332.3076923076923,22.207792207792203,132_48,80.44421892629295,-26.982580783815493,1,0.0
337.3426573426574,22.207792207792203,134_48,84.58961698779076,-29.88877974843019,1,0.0
342.3776223776224,22.207792207792203,136_48,89.08140970963461,-32.529962733042055,1,0.0
347.41258741258747,22.207792207792203,138_48,93.92978649361491,-34.867684910775175,1,0.0
352.4475524475524,22.207792207792203,140_48,99.13005256598262,-36.86158320641083,1,0.0
357.4825174825175,22.207792207792203,142_48,104.657538022503,-38.47148116384216,1,0.0
0.0,26.883116883116873,0_50,108.9783630551152,-34.59104512359084,1,0.0
5.217391304347826,26.883116883116873,2_50,114.55532342753,-35.490939219456195,1,0.0
10.434782608695652,26.883116883116873,4_50,120.26064712024717,-35.93832078459639,1,0.0
15.652173913043478,26.883116883116873,6_50,126.00805313286538,-35.921900829264565,1,0.0
20.869565217391305,26.883116883116873,8_50,131.70704830878245,-35.442100180359546,1,0.0
26.08695652173913,26.883116883116873,10_50,137.27197672361544,-34.510997452465595,1,0.0
31.304347826086957,26.883116883116873,12_50,142.6299170841558,-33.15087807659995,1,0.0
36.52173913043478,26.883116883116873,14_50,147.72575463021957,-31.391769812557172,1,0.0
41.73913043478261,26.883116883116873,16_50,152.52384026968386,-29.26854876168801,1,0.0
46.95652173913044,26.883116883116873,18_50,157.0067209855399,-26.818172754591448,1,0.0
52.17391304347826,26.883116883116873,20_50,161.17202261706302,-24.07741559514533,1,0.0
57.39130434782608,26.883116883116873,22_50,165.0286173612585,-21.08125336668153,1,0.0
62.608695652173914,26.883116883116873,24_50,168.59291871137833,-17.861880313156412,1,0.0
67.82608695652175,26.883116883116873,26_50,171.8857677414562,-14.448236847573817,1,0.0
73.04347826086956,26.883116883116873,28_50,174.93006515611248,-10.865904381782366,1,0.0
78.26086956521738,26.883116883116873,30_50,177.74911291246272,-7.1372342947929495,1,0.0
83.47826086956522,26.883116883116873,32_50,180.36554187580475,-3.281607699436274,1,0.0
88.69565217391305,26.883116883116873,34_50,182.80068154540672,0.6842461436138555,1,0.0
93.91304347826087,26.883116883116873,36_50,185.0742416833393,4.745918750501353,1,0.0
99.13043478260869,26.883116883116873,38_50,187.20420205151552,8.891005355491837,1,0.0
104.34782608695652,26.883116883116873,40_50,189.2068338069827,13.108815493152457,1,0.0
109.56521739130436,26.883116883116873,42_50,191.0967995103992,17.3901166272896,1,0.0
114.78260869565216,26.883116883116873,44_50,192.88729694541522,21.72691140905539,1,0.0
119.99999999999999,26.883116883116873,46_50,194.59022552907928,26.11224655088534,1,0.0
125.21739130434783,26.883116883116873,48_50,196.21636418542425,30.54005008981725,1,0.0
130.43478260869566,26.883116883116873,50_50,197.77555756704135,35.00499341263288,1,0.0
135.6521739130435,26.883116883116873,52_50,199.27691510113902,39.50237445923894,1,0.0
140.86956521739128,26.883116883116873,54_50,200.7290368476443,44.02801878187673,1,0.0
146.08695652173913,26.883116883116873,56_50,202.14029580672124,48.57819547600498,1,0.0
151.30434782608697,26.883116883116873,58_50,203.51923734227674,53.14954532088693,1,0.0
156.52173913043475,26.883116883116873,60_50,204.87522599563152,57.73901868607944,1,0.0
161.7391304347826,26.883116883116873,62_50,206.21964363038583,62.34382071635378,1,0.0
166.95652173913044,26.883116883116873,64_50,207.56843071632184,66.96136054635261,1,0.0
172.17391304347825,26.883116883116873,66_50,208.94835728308897,71.58919812148501,1,0.0
177.3913043478261,26.883116883116873,68_50,210.41584340840907,76.22496863027814,1,0.0
182.6086956521739,26.883116883116873,70_50,212.13302395002717,80.86618792798583,1,0.0
187.82608695652175,26.883116883116873,72_50,214.91534626466705,85.5090509031235,1,0.0
193.04347826086956,26.883116883116873,74_50,336.7468303353441,89.70509871271616,1,0.0
198.26086956521738,26.883116883116873,76_50,31.245126228088985,85.18170252661758,1,0.0
203.47826086956522,26.883116883116873,78_50,33.868335126764244,80.53870932556414,1,0.0
208.69565217391303,26.883116883116873,80_50,35.556629259015,75.8977819625614,1,0.0
213.91304347826087,26.883116883116873,82_50,37.014744552151996,71.26249301838538,1,0.0
219.13043478260872,26.883116883116873,84_50,38.39116420177097,66.63530397962312,1,0.0
224.3478260869565,26.883116883116873,86_50,39.73895067548882,62.01858117706375,1,0.0
229.56521739130432,26.883116883116873,88_50,41.08373729185097,57.41477330123914,1,0.0
234.7826086956522,26.883116883116873,90_50,42.44100514855277,52.82648394874216,1,0.0
239.99999999999997,26.883116883116873,92_50,43.821933704049066,48.25652425706901,1,0.0
245.21739130434784,26.883116883116873,94_50,45.23579961514322,43.707963826406825,1,0.0
250.43478260869566,26.883116883116873,96_50,46.69111889693708,39.18418595750191,1,0.0
255.65217391304344,26.883116883116873,98_50,48.19626934560576,34.68895035533517,1,0.0
260.8695652173913,26.883116883116873,100_50,49.759878597849934,30.226465768021058,1,0.0
266.0869565217391,26.883116883116873,102_50,51.39110096870215,25.801475014204474,1,0.0
271.304347826087,26.883116883116873,104_50,53.09984068611858,21.41935508141209,1,0.0
276.5217391304348,26.883116883116873,106_50,54.89694970660977,17.086235303795494,1,0.0
281.73913043478257,26.883116883116873,108_50,56.79441329415712,12.809136963909628,1,0.0
286.95652173913044,26.883116883116873,110_50,58.805527274413286,8.596137914397728,1,0.0
292.17391304347825,26.883116883116873,112_50,60.94506331927938,4.456565836810867,1,0.0
297.39130434782606,26.883116883116873,114_50,63.22941050780093,0.40122331042207465,1,0.0
302.60869565217394,26.883116883116873,116_50,65.67667111539016,-3.557353425215494,1,0.0
307.82608695652175,26.883116883116873,118_50,68.3066747063854,-7.404602851783172,1,0.0
313.0434782608695,26.883116883116873,120_50,71.1408560021063,-11.123619556438722,1,0.0
318.2608695652174,26.883116883116873,122_50,74.20191824410064,-14.694822987390827,1,0.0
323.4782608695652,26.883116883116873,124_50,77.51317627588298,-18.095641401285068,1,0.0
328.69565217391306,26.883116883116873,126_50,81.0974476013537,-21.300258611909236,1,0.0
333.9130434782609,26.883116883116873,128_50,84.97534745132359,-24.279497771163047,1,0.0
339.1304347826087,26.883116883116873,130_50,89.16286784919924,-27.000947775177888,1,0.0
344.3478260869565,26.883116883116873,132_50,93.66821415966254,-29.429466647861066,1,0.0
349.5652173913043,26.883116883116873,134_50,98.48807156155107,-31.528206891542744,1,0.0
354.7826086956522,26.883116883116873,136_50,103.60379096961731,-33.260276032210214,1,0.0
0.0,31.55844155844155,0_52,110.27659480088612,-30.04611486281623,1,0.0
5.413533834586466,31.55844155844155,2_52,115.53910650854829,-30.885405697434447,1,0.0
10.827067669172932,31.55844155844155,4_52,120.90551376690108,-31.281317130634424,1,0.0
16.240601503759397,31.55844155844155,6_52,126.30104276398654,-31.224817280904382,1,0.0
21.654135338345863,31.55844155844155,8_52,131.64830844499187,-30.7172097084643,1,0.0
27.067669172932334,31.55844155844155,10_52,136.8742294186941,-29.769988359211116,1,0.0
32.48120300751879,31.55844155844155,12_52,141.91601713775674,-28.40359680668333,1,0.0
37.89473684210526,31.55844155844155,14_52,146.7250998798397,-26.64538931089774,1,0.0
43.30827067669173,31.55844155844155,16_52,151.26856140391314,-24.527231804841136,1,0.0
48.7218045112782,31.55844155844155,18_52,155.52838853671588,-22.083167266671996,1,0.0
54.13533834586467,31.55844155844155,20_52,159.49924845403868,-19.347445246765005,1,0.0
59.54887218045113,31.55844155844155,22_52,163.18559367981203,-16.35305567536028,1,0.0
64.96240601503759,31.55844155844155,24_52,166.59873035142428,-13.130773652392202,1,0.0
70.37593984962406,31.55844155844155,26_52,169.75423736059957,-9.708640719539424,1,0.0
75.78947368421052,31.55844155844155,28_52,172.66990093732613,-6.11177620067928,1,0.0
81.203007518797,31.55844155844155,30_52,175.3641766480344,-2.36241352771284,1,0.0
86.61654135338345,31.55844155844155,32_52,177.85510857252913,1.5199256653897573,1,0.0
92.03007518796993,31.55844155844155,34_52,180.1596040983437,5.518184353855207,1,0.0
97.4436090225564,31.55844155844155,36_52,182.29296070688926,9.6174937228414,1,0.0
102.85714285714286,31.55844155844155,38_52,184.26855176902274,13.804894895544459,1,0.0
108.27067669172934,31.55844155844155,40_52,186.09759113834298,18.069074078094232,1,0.0
113.6842105263158,31.55844155844155,42_52,187.78890494295467,22.400118118259773,1,0.0
119.09774436090225,31.55844155844155,44_52,189.34863914613942,26.789291896942032,1,0.0
124.51127819548873,31.55844155844155,46_52,190.77981851788147,31.228835060253537,1,0.0
129.92481203007517,31.55844155844155,48_52,192.08163870647604,35.71177233535876,1,0.0
135.33834586466165,31.55844155844155,50_52,193.24830203653957,40.23172789427467,1,0.0
140.75187969924812,31.55844155844155,52_52,194.26706483525115,44.782728196226174,1,0.0
146.1654135338346,31.55844155844155,54_52,195.114871220745,49.358966087870044,1,0.0
151.57894736842104,31.55844155844155,56_52,195.75231770270778,53.95447399153097,1,0.0
156.99248120300751,31.55844155844155,58_52,196.11223978262709,58.562596070794015,1,0.0
162.406015037594,31.55844155844155,60_52,196.07656249267382,63.17500212225499,1,0.0
167.81954887218043,31.55844155844155,62_52,195.42485390913632,67.7795683711139,1,0.0
173.2330827067669,31.55844155844155,64_52,193.7053520485255,72.35508215225165,1,0.0
178.64661654135338,31.55844155844155,66_52,189.8549703650461,76.8552984075681,1,0.0
184.06015037593986,31.55844155844155,68_52,180.8165188035299,81.14697295150077,1,0.0
189.47368421052633,31.55844155844155,70_52,155.78736756490312,84.67757332879583,1,0.0
194.8872180451128,31.55844155844155,72_52,101.67094921193252,85.23053479504726,1,0.0
200.30075187969925,31.55844155844155,74_52,69.04665602939639,82.14845111469599,1,0.0
205.71428571428572,31.55844155844155,76_52,57.578645156854414,77.96084170557374,1,0.0
211.1278195488722,31.55844155844155,78_52,52.85767991904332,73.49394439757401,1,0.0
216.54135338345867,31.55844155844155,80_52,50.74372674182739,68.93129967598188,1,0.0
221.95488721804512,31.55844155844155,82_52,49.88071123541026,64.33146387937883,1,0.0
227.3684210526316,31.55844155844155,84_52,49.71709517995608,59.71965987587112,1,0.0
232.78195488721803,31.55844155844155,86_52,49.991664979190716,55.109581555589614,1,0.0
238.1954887218045,31.55844155844155,88_52,50.567266933668265,50.51024036466037,1,0.0
243.60902255639098,31.55844155844155,90_52,51.36683763295471,45.92859193454078,1,0.0
249.02255639097746,31.55844155844155,92_52,52.3453890001365,41.370715126983974,1,0.0
254.43609022556393,31.55844155844155,94_52,53.47647875992815,36.842421313963676,1,0.0
259.84962406015035,31.55844155844155,96_52,54.74516858474456,32.349617741993235,1,0.0
265.2631578947368,31.55844155844155,98_52,56.14414325382454,27.898559869452548,1,0.0
270.6766917293233,31.55844155844155,100_52,57.67147883075688,23.496055025039087,1,0.0
276.09022556390977,31.55844155844155,102_52,59.32931988798707,19.14964914820812,1,0.0
281.50375939849624,31.55844155844155,104_52,61.12307888948542,14.86781438170604,1,0.0
286.9172932330827,31.55844155844155,106_52,63.06094129571009,10.660148261969681,1,0.0
292.3308270676692,31.55844155844155,108_52,65.15354466129882,6.537591110642573,1,0.0
297.7443609022556,31.55844155844155,110_52,67.41374126381805,2.51266495822036,1,0.0
303.1578947368421,31.55844155844155,112_52,69.85637104887329,-1.4002663212030653,1,0.0
308.57142857142856,31.55844155844155,114_52,72.49797428522926,-5.184721048674445,1,0.0
313.98496240601503,31.55844155844155,116_52,75.3563664537364,-8.821820847917794,1,0.0
319.3984962406015,31.55844155844155,118_52,78.44998569402193,-12.290032733520059,1,0.0
324.812030075188,31.55844155844155,120_52,81.79691116772338,-15.564971477745182,1,0.0
330.2255639097744,31.55844155844155,122_52,85.41344826676801,-18.619321398550557,1,0.0
335.63909774436087,31.55844155844155,124_52,89.31219868859935,-21.42295923340833,1,0.0
341.05263157894734,31.55844155844155,126_52,93.49960071842014,-23.943379689445702,1,0.0
346.4661654135338,31.55844155844155,128_52,97.97305882462594,-26.146532164525027,1,0.0
351.8796992481203,31.55844155844155,130_52,102.71798906078584,-27.998155252258424,1,0.0
357.29323308270676,31.55844155844155,132_52,107.70535620071252,-29.465627870611222,1,0.0
0.0,36.23376623376623,0_54,111.46055903716535,-25.48955726216008,1,0.0
5.714285714285714,36.23376623376623,2_54,116.50728683583269,-26.281186874684817,1,0.0
11.428571428571429,36.23376623376623,4_54,121.64086978591605,-26.623633039988153,1,0.0
17.142857142857142,36.23376623376623,6_54,126.7922166801985,-26.50952512623457,1,0.0
22.857142857142858,36.23376623376623,8_54,131.89076024868166,-25.94133644986336,1,0.0
28.571428571428573,36.23376623376623,10_54,136.87027466955374,-24.931127186305382,1,0.0
34.285714285714285,36.23376623376623,12_54,141.67381675944014,-23.49933303579444,1,0.0
40.00000000000001,36.23376623376623,14_54,146.25692437711493,-21.67287086758504,1,0.0
45.714285714285715,36.23376623376623,16_54,150.58877078549847,-19.48294070024804,1,0.0
51.42857142857143,36.23376623376623,18_54,154.65151944012652,-16.962887233179636,1,0.0
57.142857142857146,36.23376623376623,20_54,158.43844989062575,-14.146379695391449,1,0.0
62.85714285714286,36.23376623376623,22_54,161.95148975503042,-11.06603584677216,1,0.0
68.57142857142857,36.23376623376623,24_54,165.19866842444316,-7.752502972050759,1,0.0
74.28571428571429,36.23376623376623,26_54,168.19181765013957,-4.233937364629487,1,0.0
80.00000000000001,36.23376623376623,28_54,170.94466604339817,-0.5357931665973432,1,0.0
85.71428571428572,36.23376623376623,30_54,173.47134632778668,3.319170467494165,1,0.0
91.42857142857143,36.23376623376623,32_54,175.78525895058007,7.310741423679278,1,0.0
97.14285714285714,36.23376623376623,34_54,177.89819995935378,11.42102453570273,1,0.0
102.85714285714286,36.23376623376623,36_54,179.81964790453483,15.634169402958541,1,0.0
108.57142857142858,36.23376623376623,38_54,181.5560991655835,19.936080307837763,1,0.0
114.28571428571429,36.23376623376623,40_54,183.11033166792862,24.314119540793214,1,0.0
120.00000000000001,36.23376623376623,42_54,184.4804524657075,28.756804614885635,1,0.0
125.71428571428572,36.23376623376623,44_54,185.6585310152678,33.25348932652977,1,0.0
131.42857142857144,36.23376623376623,46_54,186.62851321687165,37.794005637951955,1,0.0
137.14285714285714,36.23376623376623,48_54,187.36290461856024,42.36822315625053,1,0.0
142.85714285714286,36.23376623376623,50_54,187.8173063798632,46.96544618698406,1,0.0
148.57142857142858,36.23376623376623,52_54,187.9210682962091,51.573494428381636,1,0.0
154.28571428571428,36.23376623376623,54_54,187.5605886673451,56.177153536040734,1,0.0
160.00000000000003,36.23376623376623,56_54,186.54792639089956,60.755310747155214,1,0.0
165.71428571428572,36.23376623376623,58_54,184.55834851592317,65.27516165971663,1,0.0
171.42857142857144,36.23376623376623,60_54,180.9987477198411,69.67935662125252,1,0.0
177.14285714285717,36.23376623376623,62_54,174.7213129022901,73.85468633546736,1,0.0
182.85714285714286,36.23376623376623,64_54,163.46498607055676,77.55075742174975,1,0.0
188.57142857142858,36.23376623376623,66_54,143.67065623125242,80.19366416744563,1,0.0
194.28571428571428,36.23376623376623,68_54,115.70695416784474,80.81431593881972,1,0.0
200.0,36.23376623376623,70_54,91.03575049210407,79.0613521830135,1,0.0
205.71428571428572,36.23376623376623,72_54,75.95341188110288,75.79092005314949,1,0.0
211.42857142857144,36.23376623376623,74_54,67.56246161111632,71.80994218927002,1,0.0
217.14285714285717,36.23376623376623,76_54,62.838189018313706,67.50049885323152,1,0.0
222.85714285714286,36.23376623376623,78_54,60.161723365435456,63.02899754559794,1,0.0
228.57142857142858,36.23376623376623,80_54,58.71286200360588,58.47483854381425,1,0.0
234.2857142857143,36.23376623376623,82_54,58.05579700597173,53.88076946843542,1,0.0
240.00000000000003,36.23376623376623,84_54,57.944921306177335,49.272738774068685,1,0.0
245.71428571428572,36.23376623376623,86_54,58.23472004605278,44.66842903471959,1,0.0
251.42857142857144,36.23376623376623,88_54,58.835797099181185,40.0812869863582,1,0.0
257.14285714285717,36.23376623376623,90_54,59.69212300951571,35.52260771179354,1,0.0
262.8571428571429,36.23376623376623,92_54,60.76860843771789,31.00271444429377,1,0.0
268.57142857142856,36.23376623376623,94_54,62.04399035683562,26.531693632423508,1,0.0
274.2857142857143,36.23376623376623,96_54,63.50659209915264,22.119903419023547,1,0.0
280.00000000000006,36.23376623376623,98_54,65.15170388346748,17.77836587394617,1,0.0
285.7142857142857,36.23376623376623,100_54,66.97990378569907,13.519101660005601,1,0.0
291.42857142857144,36.23376623376623,102_54,68.99592763949515,9.355438941011016,1,0.0
297.14285714285717,36.23376623376623,104_54,71.20784503617774,5.3023125380062295,1,0.0
302.8571428571429,36.23376623376623,106_54,73.62637483274428,1.3765580185824629,1,0.0
308.57142857142856,36.23376623376623,108_54,76.26421050004858,-2.402805001474989,1,0.0
314.28571428571433,36.23376623376623,110_54,79.13524116473693,-6.014317745938477,1,0.0
320.00000000000006,36.23376623376623,112_54,82.25356024197661,-9.433887072110442,1,0.0
325.7142857142857,36.23376623376623,114_54,85.632161164159,-12.634699249782955,1,0.0
331.42857142857144,36.23376623376623,116_54,89.28124206835507,-15.58731102336988,1,0.0
337.14285714285717,36.23376623376623,118_54,93.206094627131,-18.26000342985518,1,0.0
342.8571428571429,36.23376623376623,120_54,97.40465283501753,-20.619491167028215,1,0.0
348.57142857142856,36.23376623376623,122_54,101.8649327781923,-22.63206581718976,1,0.0
354.28571428571433,36.23376623376623,124_54,106.56278623040761,-24.26520136516074,1,0.0
0.0,40.909090909090914,0_56,112.55777212600789,-20.924192155248438,1,0.0
6.101694915254237,40.909090909090914,2_56,117.44050628917877,-21.674256454102625,1,0.0
12.203389830508474,40.909090909090914,4_56,122.39730129737627,-21.95993244001004,1,0.0
18.30508474576271,40.909090909090914,6_56,127.36140314866383,-21.77523949723498,1,0.0
24.406779661016948,40.909090909090914,8_56,132.2654850901969,-21.124055310396876,1,0.0
30.508474576271187,40.909090909090914,10_56,137.04684845745362,-20.0197306582003,1,0.0
36.61016949152542,40.909090909090914,12_56,141.65172219011345,-18.4838146218901,1,0.0
42.71186440677966,40.909090909090914,14_56,146.03795260051473,-16.54416305910159,1,0.0
48.813559322033896,40.909090909090914,16_56,150.1758696689282,-14.232790512467355,1,0.0
54.91525423728813,40.909090909090914,18_56,154.0475724514835,-11.58380164399487,1,0.0
61.016949152542374,40.909090909090914,20_56,157.64513894251385,-8.631638315146771,1,0.0
67.11864406779661,40.909090909090914,22_56,160.96830911270055,-5.409756045459226,1,0.0
73.22033898305084,40.909090909090914,24_56,164.0220821730064,-1.94974075333404,1,0.0
79.32203389830508,40.909090909090914,26_56,166.81450302748138,1.7191881208412105,1,0.0
85.42372881355932,40.909090909090914,28_56,169.35475643745485,5.570369845848208,1,0.0
91.52542372881356,40.909090909090914,30_56,171.65157097392736,9.579673140557425,1,0.0
97.62711864406779,40.909090909090914,32_56,173.71186012810404,13.725315294996442,1,0.0
103.72881355932203,40.909090909090914,34_56,175.53948224868824,17.987580268894853,1,0.0
109.83050847457626,40.909090909090914,36_56,177.13396695092715,22.348465890156277,1,0.0
115.9322033898305,40.909090909090914,38_56,178.48901510342185,26.791269998296844,1,0.0
122.03389830508475,40.909090909090914,40_56,179.5905120420789,31.30010400079072,1,0.0
128.135593220339,40.909090909090914,42_56,180.41367106282456,35.85929589662581,1,0.0
134.23728813559322,40.909090909090914,44_56,180.91869947810866,40.452605593313216,1,0.0
140.33898305084745,40.909090909090914,46_56,181.04396640756556,45.06210814157059,1,0.0
146.44067796610167,40.909090909090914,48_56,180.69488766371924,49.6664743646274,1,0.0
152.54237288135593,40.909090909090914,50_56,179.725331537474,54.238127131127484,1,0.0
158.64406779661016,40.909090909090914,52_56,177.90582366644466,58.73823062297541,1,0.0
164.74576271186442,40.909090909090914,54_56,174.86892565103486,63.107370218247766,1,0.0
170.84745762711864,40.909090909090914,56_56,170.01983686591885,67.24754412883937,1,0.0
176.94915254237287,40.909090909090914,58_56,162.42230826582548,70.98752651096731,1,0.0
183.05084745762713,40.909090909090914,60_56,150.82378584107258,74.02502223192008,1,0.0
189.15254237288136,40.909090909090914,62_56,134.48965753128445,75.88466258879596,1,0.0
195.25423728813558,40.909090909090914,64_56,115.38988509398834,76.07857425794818,1,0.0
201.3559322033898,40.909090909090914,66_56,98.16213230821808,74.54329850175651,1,0.0
207.45762711864407,40.909090909090914,68_56,85.55400967229397,71.7136766408628,1,0.0
213.5593220338983,40.909090909090914,70_56,77.2063506366526,68.09347598154146,1,0.0
219.66101694915253,40.909090909090914,72_56,71.85871532753052,64.02146381999748,1,0.0
225.76271186440675,40.909090909090914,74_56,68.49225048964512,59.69146648563498,1,0.0
231.864406779661,40.909090909090914,76_56,66.44809150645301,55.2135495716456,1,0.0
237.96610169491527,40.909090909090914,78_56,65.31880449934266,50.653485017138955,1,0.0
244.0677966101695,40.909090909090914,80_56,64.85087168916158,46.05353803261927,1,0.0
250.16949152542372,40.909090909090914,82_56,64.88352510174147,41.44317994863666,1,0.0
256.271186440678,40.909090909090914,84_56,65.31300628941307,36.84479037605656,1,0.0
262.3728813559322,40.909090909090914,86_56,66.07172998742054,32.276853129480436,1,0.0
268.47457627118644,40.909090909090914,88_56,67.11589607161275,27.755861071557632,1,0.0
274.57627118644064,40.909090909090914,90_56,68.41792266045414,23.297533598634033,1,0.0
280.6779661016949,40.909090909090914,92_56,69.9616803515303,18.91765743600583,1,0.0
286.77966101694915,40.909090909090914,94_56,71.73937974303254,14.632715738756263,1,0.0
292.88135593220335,40.909090909090914,96_56,73.74943563936773,10.460394029075951,1,0.0
298.9830508474576,40.909090909090914,98_56,75.994887443107,6.420007900825694,1,0.0
305.08474576271186,40.909090909090914,100_56,78.48209489287838,2.532869085645606,1,0.0
311.18644067796606,40.909090909090914,102_56,81.21950481010528,-1.177415551227846,1,0.0
317.2881355932203,40.909090909090914,104_56,84.21632897069125,-4.684737836965967,1,0.0
323.3898305084745,40.909090909090914,106_56,87.48100708132229,-7.9604211407103955,1,0.0
329.49152542372883,40.909090909090914,108_56,91.01937051996778,-10.973358255632418,1,0.0
335.5932203389831,40.909090909090914,110_56,94.83248962968486,-13.69043549552989,1,0.0
341.6949152542373,40.909090909090914,112_56,98.91429427439066,-16.07732685358003,1,0.0
347.79661016949154,40.909090909090914,114_56,103.24920657041648,-18.099720945086183,1,0.0
353.89830508474574,40.909090909090914,116_56,107.81019316371966,-19.724987174055297,1,0.0
0.0,45.58441558441559,0_58,113.58993147797051,-16.352233588496766,1,0.0
6.545454545454545,45.58441558441559,2_58,118.31395038144373,-17.060750961009564,1,0.0
13.09090909090909,45.58441558441559,4_58,123.10155650977592,-17.287027099057116,1,0.0
19.636363636363637,45.58441558441559,6_58,127.88680477396564,-17.026377637716656,1,0.0
26.18181818181818,45.58441558441559,8_58,132.60392418081722,-16.284193651697382,1,0.0
32.72727272727273,45.58441558441559,10_58,137.19206115037616,-15.075427008445597,1,0.0
39.27272727272727,45.58441558441559,12_58,141.5990837206861,-13.423226244677354,1,0.0
45.81818181818181,45.58441558441559,14_58,145.78384942291018,-11.357005328384762,1,0.0
52.36363636363636,45.58441558441559,16_58,149.71678929673052,-8.910298940925243,1,0.0
58.909090909090914,45.58441558441559,18_58,153.3790556620348,-6.118725377616276,1,0.0
65.45454545454545,45.58441558441559,20_58,156.76069694642067,-3.018278432247653,1,0.0
72.0,45.58441558441559,22_58,159.85834605908906,0.3559471493574881,1,0.0
78.54545454545455,45.58441558441559,24_58,162.67280283148824,3.970588042011293,1,0.0
85.0909090909091,45.58441558441559,26_58,165.20673589313606,7.794453108585815,1,0.0
91.63636363636363,45.58441558441559,28_58,167.46258183330727,11.798646965472836,1,0.0
98.18181818181817,45.58441558441559,30_58,169.44060329910778,15.956448897534052,1,0.0
104.72727272727272,45.58441558441559,32_58,171.13698118047037,20.243002398375847,1,0.0
111.27272727272727,45.58441558441559,34_58,172.54174367278242,24.63484488013631,1,0.0
117.81818181818183,45.58441558441559,36_58,173.63625458640507,29.10927536902121,1,0.0
124.36363636363636,45.58441558441559,38_58,174.389867662923,33.64351798128044,1,0.0
130.9090909090909,45.58441558441559,40_58,174.75516841308854,38.21358283481517,1,0.0
137.45454545454544,45.58441558441559,42_58,174.66092562663704,42.79263793874692,1,0.0
144.0,45.58441558441559,44_58,174.0014157043864,47.34855624036858,1,0.0
150.54545454545453,45.58441558441559,46_58,172.62018401100877,51.84004020528528,1,0.0
157.0909090909091,45.58441558441559,48_58,170.28594542612933,56.21027501840828,1,0.0
163.63636363636363,45.58441558441559,50_58,166.6600312174384,60.37636840512819,1,0.0
170.1818181818182,45.58441558441559,52_58,161.2653896515024,64.2122118884292,1,0.0
176.72727272727272,45.58441558441559,54_58,153.50649044828504,67.52398845759943,1,0.0
183.27272727272725,45.58441558441559,56_58,142.88579453956314,70.02932886295432,1,0.0
189.81818181818178,45.58441558441559,58_58,129.61216466262132,71.38571811340395,1,0.0
196.36363636363635,45.58441558441559,60_58,115.25105748939185,71.3342237369713,1,0.0
202.90909090909088,45.58441558441559,62_58,102.13056220911315,69.88588166370033,1,0.0
209.45454545454544,45.58441558441559,64_58,91.71842839620332,67.31246969900722,1,0.0
216.0,45.58441558441559,66_58,84.14660327523126,63.955433079182704,1,0.0
222.54545454545453,45.58441558441559,68_58,78.89572721635727,60.09081613355745,1,0.0
229.0909090909091,45.58441558441559,70_58,75.37509724009212,55.90677371883171,1,0.0
235.63636363636365,45.58441558441559,72_58,73.11791471846361,51.52562567371177,1,0.0
242.1818181818182,45.58441558441559,74_58,71.79427489088452,47.02794776192397,1,0.0
248.72727272727272,45.58441558441559,76_58,71.1791682498987,42.4691724803247,1,0.0
255.27272727272725,45.58441558441559,78_58,71.12041521798118,37.88977728481015,1,0.0
261.8181818181818,45.58441558441559,80_58,71.51518667984311,33.321408735241754,1,0.0
268.3636363636364,45.58441558441559,82_58,72.29423439832587,28.790629512559303,1,0.0
274.9090909090909,45.58441558441559,84_58,73.41152810442256,24.321297343745915,1,0.0
281.45454545454544,45.58441558441559,86_58,74.83740650766036,19.936149733332016,1,0.0
288.0,45.58441558441559,88_58,76.55394353848266,15.657916820369737,1,0.0
294.5454545454545,45.58441558441559,90_58,78.55167794575118,11.510141019977665,1,0.0
301.09090909090907,45.58441558441559,92_58,80.82714403687933,7.5177970190259815,1,0.0
307.63636363636357,45.58441558441559,94_58,83.38082032575602,3.7077511001332004,1,0.0
314.1818181818182,45.58441558441559,96_58,86.21522495010696,0.10905951658466005,1,0.0
320.7272727272727,45.58441558441559,98_58,89.33296574444748,-3.246925645122216,1,0.0
327.27272727272725,45.58441558441559,100_58,92.73462554091918,-6.326699947531612,1,0.0
333.8181818181818,45.58441558441559,102_58,96.41645146803545,-9.095072725395324,1,0.0
340.3636363636364,45.58441558441559,104_58,100.36793560719926,-11.516029541696028,1,0.0
346.9090909090909,45.58441558441559,106_58,104.56952356968753,-13.554038607143037,1,0.0
353.45454545454544,45.58441558441559,108_58,108.99084148716155,-15.175786912097918,1,0.0
0.0,50.25974025974025,0_60,114.57474471775613,-11.775482303666728,1,0.0
7.128712871287129,50.25974025974025,2_60,119.18362094339942,-12.445101427420417,1,0.0
14.257425742574258,50.25974025974025,4_60,123.84765522190692,-12.602064691704342,1,0.0
21.386138613861387,50.25974025974025,6_60,128.49813662742199,-12.243033131732542,1,0.0
28.514851485148515,50.25974025974025,8_60,133.06730818118928,-11.375606909540709,1,0.0
35.64356435643564,50.25974025974025,10_60,137.4929584151864,-10.017614247606376,1,0.0
42.772277227722775,50.25974025974025,12_60,141.721935784732,-8.195530864518693,1,0.0
49.9009900990099,50.25974025974025,14_60,145.7120469494714,-5.942355391541427,1,0.0
57.02970297029703,50.25974025974025,16_60,149.4322562063045,-3.295324399936027,1,0.0
64.15841584158416,50.25974025974025,18_60,152.86147580285763,-0.2938010047859398,1,0.0
71.28712871287128,50.25974025974025,20_60,155.986417047478,3.022442048601176,1,0.0
78.41584158415841,50.25974025974025,22_60,158.7989629893102,6.614446670524622,1,0.0
85.54455445544555,50.25974025974025,24_60,161.29339503037897,10.444797925637621,1,0.0
92.67326732673267,50.25974025974025,26_60,163.46363583448144,14.477906763009845,1,0.0
99.8019801980198,50.25974025974025,28_60,165.30050936945338,18.679911345755652,1,0.0
106.93069306930693,50.25974025974025,30_60,166.78888227890715,23.0182465478829,1,0.0
114.05940594059406,50.25974025974025,32_60,167.90443156794998,27.460895707590232,1,0.0
121.1881188118812,50.25974025974025,34_60,168.60966339516773,31.97528568417171,1,0.0
128.31683168316832,50.25974025974025,36_60,168.8486699931347,36.52671171066819,1,0.0
135.44554455445544,50.25974025974025,38_60,168.5399624975402,41.07607082629533,1,0.0
142.57425742574256,50.25974025974025,40_60,167.56664231608875,45.57652376825132,1,0.0
149.7029702970297,50.25974025974025,42_60,165.7635046280011,49.968481731796345,1,0.0
156.83168316831683,50.25974025974025,44_60,162.90244003099104,54.17206881290824,1,0.0
163.96039603960395,50.25974025974025,46_60,158.68349689677868,58.07622746319376,1,0.0
171.0891089108911,50.25974025974025,48_60,152.75498147474858,61.52497804577162,1,0.0
178.21782178217822,50.25974025974025,50_60,144.81628899721647,64.30681466065066,1,0.0
185.34653465346534,50.25974025974025,52_60,134.87040990463538,66.16617562197783,1,0.0
192.47524752475246,50.25974025974025,54_60,123.55717820645394,66.86664625440578,1,0.0
199.6039603960396,50.25974025974025,56_60,112.16581983758545,66.30081256965377,1,0.0
206.7326732673267,50.25974025974025,58_60,102.02816897805798,64.556314508689,1,0.0
213.86138613861385,50.25974025974025,60_60,93.86427189672625,61.861207093192206,1,0.0
220.99009900990097,50.25974025974025,62_60,87.73085875808366,58.473166958372765,1,0.0
228.11881188118812,50.25974025974025,64_60,83.34492681355262,54.6096697220933,1,0.0
235.24752475247521,50.25974025974025,66_60,80.3531710950075,50.43234329818512,1,0.0
242.3762376237624,50.25974025974025,68_60,78.44820638206397,46.05640091043242,1,0.0
249.5049504950495,50.25974025974025,70_60,77.39437276599239,41.56449172913205,1,0.0
256.63366336633663,50.25974025974025,72_60,77.0203816980763,37.01797518923942,1,0.0
263.76237623762376,50.25974025974025,74_60,77.20480004678345,32.464786927985195,1,0.0
270.8910891089109,50.25974025974025,76_60,77.8628481545827,27.944679570013275,1,0.0
278.019801980198,50.25974025974025,78_60,78.9362464595414,23.49270784540899,1,0.0
285.1485148514851,50.25974025974025,80_60,80.38579636409834,19.14158897329305,1,0.0
292.2772277227723,50.25974025974025,82_60,82.18596410332155,14.923339384184246,1,0.0
299.4059405940594,50.25974025974025,84_60,84.32079083211735,10.870423312986503,1,0.0
306.53465346534654,50.25974025974025,86_60,86.78059988397824,7.016536508343524,1,0.0
313.66336633663366,50.25974025974025,88_60,89.55911217742297,3.397070872265601,1,0.0
320.7920792079208,50.25974025974025,90_60,92.65070220389514,0.04925080667339725,1,0.0
327.9207920792079,50.25974025974025,92_60,96.0476453831166,-2.988105361510189,1,0.0
335.049504950495,50.25974025974025,94_60,99.7373416747398,-5.675262870134634,1,0.0
342.1782178217822,50.25974025974025,96_60,103.69965943719981,-7.97274020866036,1,0.0
349.3069306930693,50.25974025974025,98_60,107.90471438545049,-9.842975638952543,1,0.0
356.43564356435644,50.25974025974025,100_60,112.31153481707473,-11.252404418888997,1,0.0
0.0,54.93506493506492,0_62,115.52721938682168,-7.1954603695047314,1,0.0
7.9120879120879115,54.93506493506492,2_62,120.0652708086083,-7.826495874967484,1,0.0
15.824175824175823,54.93506493506492,4_62,124.65095542203458,-7.897096058790382,1,0.0
23.736263736263734,54.93506493506492,6_62,129.20801360773572,-7.40564265865869,1,0.0
31.648351648351646,54.93506493506492,8_62,133.6621254753133,-6.363297272963198,1,0.0
39.56043956043956,54.93506493506492,10_62,137.94563929141285,-4.792959061562723,1,0.0
47.47252747252747,54.93506493506492,12_62,142.00091980329822,-2.7272655829119348,1,0.0
55.38461538461538,54.93506493506492,14_62,145.78179864354627,-0.2060612119104401,1,0.0
63.29670329670329,54.93506493506492,16_62,149.25312969455004,2.7262008416516674,1,0.0
71.2087912087912,54.93506493506492,18_62,152.38883173491215,6.022740527607588,1,0.0
79.12087912087912,54.93506493506492,20_62,155.16894134901182,9.636179675469311,1,0.0
87.03296703296704,54.93506493506492,22_62,157.57613119672664,13.519620601426091,1,0.0
94.94505494505493,54.93506493506492,24_62,159.59196460764238,17.627072920414175,1,0.0
102.85714285714286,54.93506493506492,26_62,161.19294385585553,21.913264955711668,1,0.0
110.76923076923076,54.93506493506492,28_62,162.34621772043835,26.332862861401015,1,0.0
118.68131868131867,54.93506493506492,30_62,163.00466699981587,30.83906608872118,1,0.0
126.59340659340658,54.93506493506492,32_62,163.1010104713202,35.381459007343906,1,0.0
134.5054945054945,54.93506493506492,34_62,162.54065475963986,39.90287943167606,1,0.0
142.4175824175824,54.93506493506492,36_62,161.19351147498332,44.33493069298377,1,0.0
150.32967032967034,54.93506493506492,38_62,158.88659718561948,48.591686710827034,1,0.0
158.24175824175825,54.93506493506492,40_62,155.40337645533901,52.56137215159733,1,0.0
166.15384615384613,54.93506493506492,42_62,150.50472024935772,56.09704298434484,1,0.0
174.06593406593407,54.93506493506492,44_62,143.99957016403707,59.01095203881151,1,0.0
181.97802197802199,54.93506493506492,46_62,135.89359619634243,61.08431976085631,1,0.0
189.89010989010987,54.93506493506492,48_62,126.57950140460854,62.10898841527399,1,0.0
197.80219780219778,54.93506493506492,50_62,116.8874964735495,61.96055186274111,1,0.0
205.71428571428572,54.93506493506492,52_62,107.81208586873427,60.65805126619138,1,0.0
213.62637362637363,54.93506493506492,54_62,100.08655509700415,58.35406506486376,1,0.0
221.53846153846152,54.93506493506492,56_62,93.99251687884343,55.265401375252225,1,0.0
229.45054945054943,54.93506493506492,58_62,89.46852306797075,51.6055090138878,1,0.0
237.36263736263734,54.93506493506492,60_62,86.30088732385832,47.55199382402264,1,0.0
245.27472527472526,54.93506493506492,62_62,84.25203542324766,43.24222195914744,1,0.0
253.18681318681317,54.93506493506492,64_62,83.11554796243418,38.780648384367865,1,0.0
261.0989010989011,54.93506493506492,66_62,82.729628640856,34.248125049266335,1,0.0
269.010989010989,54.93506493506492,68_62,82.97382202932283,29.70973527935815,1,0.0
276.92307692307696,54.93506493506492,70_62,83.7610852736182,25.220598955450473,1,0.0
284.8351648351648,54.93506493506492,72_62,85.02978373884221,20.82998063081853,1,0.0
292.74725274725273,54.93506493506492,74_62,86.73686412312438,16.584146019485566,1,0.0
300.65934065934067,54.93506493506492,76_62,88.85223796824484,12.528307561288246,1,0.0
308.57142857142856,54.93506493506492,78_62,91.35405446614662,8.707866171624175,1,0.0
316.4835164835165,54.93506493506492,80_62,94.22451451804781,5.169044205313178,1,0.0
324.39560439560444,54.93506493506492,82_62,97.44597621627123,1.9589240172212143,1,0.0
332.30769230769226,54.93506493506492,84_62,100.99726161867822,-0.8751385373547167,1,0.0
340.2197802197802,54.93506493506492,86_62,104.85027476226837,-3.2867577522710008,1,0.0
348.13186813186815,54.93506493506492,88_62,108.96725341890092,-5.232398748648395,1,0.0
356.04395604395603,54.93506493506492,90_62,113.29914141852308,-6.673766510634685,1,0.0
0.0,59.6103896103896,0_64,116.46061821762552,-2.6135102481817696,1,0.0
8.88888888888889,59.6103896103896,2_64,120.92135591771658,-3.199342011683954,1,0.0
17.77777777777778,59.6103896103896,4_64,125.421509824281,-3.1662266128443193,1,0.0
26.666666666666664,59.6103896103896,6_64,129.87289679120323,-2.515012869806723,1,0.0
35.55555555555556,59.6103896103896,8_64,134.1904676980693,-1.2621746093726098,1,0.0
44.44444444444444,59.6103896103896,10_64,138.29723064589987,0.5617153370714909,1,0.0
53.33333333333333,59.6103896103896,12_64,142.12732389748498,2.9145804110553133,1,0.0
62.22222222222222,59.6103896103896,14_64,145.6267380822763,5.745919048228755,1,0.0
71.11111111111111,59.6103896103896,16_64,148.75180843193922,8.999767504277283,1,0.0
80.0,59.6103896103896,18_64,151.46598794997013,12.617083698909074,1,0.0
88.88888888888889,59.6103896103896,20_64,153.73549567902242,16.537278635266045,1,0.0
97.77777777777777,59.6103896103896,22_64,155.5242906058777,20.698779726020245,1,0.0
106.66666666666666,59.6103896103896,24_64,156.78859197230813,25.038592588529855,1,0.0
115.55555555555554,59.6103896103896,26_64,157.47098513981527,29.490829910528156,1,0.0
124.44444444444444,59.6103896103896,28_64,157.4941511392866,33.9841175513999,1,0.0
133.33333333333331,59.6103896103896,30_64,156.75464509808143,38.43770905702487,1,0.0
142.22222222222223,59.6103896103896,32_64,155.11834746065276,42.75612577536062,1,0.0
151.11111111111111,59.6103896103896,34_64,152.42201010152337,46.822399476100124,1,0.0
160.0,59.6103896103896,36_64,148.49063773909728,50.49100032238545,1,0.0
168.88888888888889,59.6103896103896,38_64,143.18725484658756,53.584080124171706,1,0.0
177.77777777777777,59.6103896103896,40_64,136.5103031421009,55.89907422324242,1,0.0
186.66666666666666,59.6103896103896,42_64,128.71974873577187,57.238628802772716,1,0.0
195.55555555555554,59.6103896103896,44_64,120.39607678560824,57.464732608034815,1,0.0
204.44444444444446,59.6103896103896,46_64,112.31071085292133,56.55205450292213,1,0.0
213.33333333333331,59.6103896103896,48_64,105.14662790589716,54.59913672726029,1,0.0
222.2222222222222,59.6103896103896,50_64,99.29133260697753,51.78730084337886,1,0.0
231.1111111111111,59.6103896103896,52_64,94.83177628768132,48.32215246431743,1,0.0
239.99999999999997,59.6103896103896,54_64,91.66994267522557,44.393172561888356,1,0.0
248.88888888888889,59.6103896103896,56_64,89.6374145415454,40.15855262830007,1,0.0
257.77777777777777,59.6103896103896,58_64,88.56288583877684,35.745715930416736,1,0.0
266.66666666666663,59.6103896103896,60_64,88.30000677147245,31.25772898032865,1,0.0
275.55555555555554,59.6103896103896,62_64,88.73361240783854,26.78040918573363,1,0.0
284.44444444444446,59.6103896103896,64_64,89.77681222133663,22.388275561033616,1,0.0
293.3333333333333,59.6103896103896,66_64,91.36512414872011,18.148997264615815,1,0.0
302.22222222222223,59.6103896103896,68_64,93.4501307525454,14.126471823996884,1,0.0
311.1111111111111,59.6103896103896,70_64,95.99342281430033,10.382722715323444,1,0.0
320.0,59.6103896103896,72_64,98.96095762208815,6.978737951725354,1,0.0
328.88888888888886,59.6103896103896,74_64,102.31784055144053,3.974298523464313,1,0.0
337.77777777777777,59.6103896103896,76_64,106.02366663740733,1.4268204439743524,1,0.0
346.6666666666667,59.6103896103896,78_64,110.02878467690469,-0.6107162610256753,1,0.0
355.55555555555554,59.6103896103896,80_64,114.27204114004034,-2.09254748186615,1,0.0
0.0,64.28571428571429,0_66,117.38721275723987,1.9691274542460453,1,0.0
10.285714285714286,64.28571428571429,2_66,121.81516504430006,1.436292322953862,1,0.0
20.571428571428573,64.28571428571429,4_66,126.27113523456916,1.6141507722836501,1,0.0
30.857142857142858,64.28571428571429,6_66,130.64359741600373,2.4972019807779726,1,0.0
41.142857142857146,64.28571428571429,8_66,134.82612979176048,4.058594285188326,1,0.0
51.42857142857143,64.28571428571429,10_66,138.72280275690085,6.252608183243005,1,0.0
61.714285714285715,64.28571428571429,12_66,142.25068785536692,9.018388268406014,1,0.0
72.0,64.28571428571429,14_66,145.33903368835644,12.28396638592217,1,0.0
82.28571428571429,64.28571428571429,16_66,147.92551660367113,15.969679444772877,1,0.0
92.57142857142857,64.28571428571429,18_66,149.95041602116228,19.990342595709603,1,0.0
102.85714285714286,64.28571428571429,20_66,151.34960762318443,24.255821102497325,1,0.0
113.14285714285714,64.28571428571429,22_66,152.04718117351513,28.66984086871584,1,0.0
123.42857142857143,64.28571428571429,24_66,151.94865979179133,33.12697834516024,1,0.0
133.71428571428572,64.28571428571429,26_66,150.93671011257854,37.507874564422536,1,0.0
144.0,64.28571428571429,28_66,148.8735146023222,41.67306603248447,1,0.0
154.28571428571428,64.28571428571429,30_66,145.6180866356004,45.45687497448991,1,0.0
164.57142857142858,64.28571428571429,32_66,141.07124047001017,48.66518179677911,1,0.0
174.85714285714286,64.28571428571429,34_66,135.25754623161635,51.084579882301824,1,0.0
185.14285714285714,64.28571428571429,36_66,128.42511486007768,52.512082389942066,1,0.0
195.42857142857142,64.28571428571429,38_66,121.08830070214935,52.80573661901361,1,0.0
205.71428571428572,64.28571428571429,40_66,113.92456308262703,51.93394539251687,1,0.0
216.0,64.28571428571429,42_66,107.55297273678407,49.98804415934813,1,0.0
226.28571428571428,64.28571428571429,44_66,102.3572601449511,47.147541538169826,1,0.0
236.57142857142858,64.28571428571429,46_66,98.46254135690918,43.62585888137406,1,0.0
246.85714285714286,64.28571428571429,48_66,95.81917200842604,39.629009016438395,1,0.0
257.14285714285717,64.28571428571429,50_66,94.29920779863069,35.33711578208696,1,0.0
267.42857142857144,64.28571428571429,52_66,93.75968269620132,30.902111771647178,1,0.0
277.7142857142857,64.28571428571429,54_66,94.0720350273857,26.452596205589284,1,0.0
288.0,64.28571428571429,56_66,95.13060589203225,22.10026534997569,1,0.0
298.2857142857143,64.28571428571429,58_66,96.85094780880512,17.945481799295013,1,0.0
308.57142857142856,64.28571428571429,60_66,99.16395190632606,14.081190839153052,1,0.0
318.85714285714283,64.28571428571429,62_66,102.00861165379959,10.595018098795984,1,0.0
329.14285714285717,64.28571428571429,64_66,105.32472780064937,7.569567088084324,1,0.0
339.42857142857144,64.28571428571429,66_66,109.04638695486837,5.0810177581631555,1,0.0
349.7142857142857,64.28571428571429,68_66,113.09705769900968,3.1962705009908503,1,0.0
0.0,68.96103896103897,0_68,118.31892785150919,6.551247728644781,1,0.0
12.413793103448276,68.96103896103897,2_68,122.7710165683543,6.089848356846626,1,0.0
24.82758620689655,68.96103896103897,4_68,127.22886609266507,6.489626196452014,1,0.0
37.24137931034483,68.96103896103897,6_68,131.533517053125,7.73397808200898,1,0.0
49.6551724137931,68.96103896103897,8_68,135.5349897641857,9.772225156796889,1,0.0
62.06896551724138,68.96103896103897,10_68,139.09830113222628,12.524273897920825,1,0.0
74.48275862068967,68.96103896103897,12_68,142.10416676269705,15.88662842802837,1,0.0
86.89655172413794,68.96103896103897,14_68,144.44442380214795,19.737825458911185,1,0.0
99.3103448275862,68.96103896103897,16_68,146.01381572164217,23.941731091041113,1,0.0
111.72413793103449,68.96103896103897,18_68,146.70074550573852,28.347817223211536,1,0.0
124.13793103448276,68.96103896103897,20_68,146.38060492951556,32.78826970921586,1,0.0
136.55172413793105,68.96103896103897,22_68,144.91743005553533,37.072684283540305,1,0.0
148.96551724137933,68.96103896103897,24_68,142.18353470359108,40.98273852304253,1,0.0
161.37931034482762,68.96103896103897,26_68,138.11012920977012,44.27232987864961,1,0.0
173.79310344827587,68.96103896103897,28_68,132.77455539405568,46.68277134011233,1,0.0
186.20689655172413,68.96103896103897,30_68,126.49426480233328,47.98273613488685,1,0.0
198.6206896551724,68.96103896103897,32_68,119.84290176848938,48.02875913546995,1,0.0
211.0344827586207,68.96103896103897,34_68,113.5142597701929,46.815487203614964,1,0.0
223.44827586206898,68.96103896103897,36_68,108.09699759547846,44.47774801108169,1,0.0
235.86206896551724,68.96103896103897,38_68,103.92800401792232,41.24269383385749,1,0.0
248.27586206896552,68.96103896103897,40_68,101.09905701955897,37.36870357024243,1,0.0
260.6896551724138,68.96103896103897,42_68,99.54857230910837,33.10354018475756,1,0.0
273.1034482758621,68.96103896103897,44_68,99.15095933043709,28.66764046035455,1,0.0
285.51724137931035,68.96103896103897,46_68,99.76990300289472,24.25325980541851,1,0.0
297.93103448275866,68.96103896103897,48_68,101.27977703796924,20.029638355085037,1,0.0
310.3448275862069,68.96103896103897,50_68,103.56821357888353,16.148413361454374,1,0.0
322.75862068965523,68.96103896103897,52_68,106.5298021883829,12.746722858309345,1,0.0
335.17241379310343,68.96103896103897,54_68,110.0568915230232,9.947160786072587,1,0.0
347.58620689655174,68.96103896103897,56_68,114.03120391564886,7.8546763365469685,1,0.0
0.0,73.63636363636363,0_70,119.26794891971882,11.131618813479276,1,0.0
15.319148936170214,73.63636363636363,2_70,123.6371401409639,10.778089416416165,1,0.0
30.638297872340427,73.63636363636363,4_70,127.96761500663106,11.463833539452969,1,0.0
45.95744680851064,73.63636363636363,6_70,132.02203362742654,13.147576217214327,1,0.0
61.276595744680854,73.63636363636363,8_70,135.57833008283922,15.729576174908384,1,0.0
76.59574468085107,73.63636363636363,10_70,138.43576248359025,19.060145074936912,1,0.0
91.91489361702128,73.63636363636363,12_70,140.41249379758304,22.948784974963583,1,0.0
107.23404255319149,73.63636363636363,14_70,141.33829983783968,27.170420976068314,1,0.0
122.55319148936171,73.63636363636363,16_70,141.0506681345564,31.467186048160997,1,0.0
137.87234042553192,73.63636363636363,18_70,139.40702315440313,35.54746115569898,1,0.0
153.19148936170214,73.63636363636363,20_70,136.3292129831291,39.088563883021095,1,0.0
168.51063829787233,73.63636363636363,22_70,131.88963880470934,41.755188434757734,1,0.0
183.82978723404256,73.63636363636363,24_70,126.41211983313613,43.246973236726035,1,0.0
199.14893617021278,73.63636363636363,26_70,120.49841433028435,43.37281646608516,1,0.0
214.46808510638297,73.63636363636363,28_70,114.89178833200347,42.11572752924201,1,0.0
229.7872340425532,73.63636363636363,30_70,110.23430805816263,39.63928420278831,1,0.0
245.10638297872342,73.63636363636363,32_70,106.90155193198294,36.2301687948314,1,0.0
260.4255319148936,73.63636363636363,34_70,105.0041226403345,32.221898461201434,1,0.0
275.74468085106383,73.63636363636363,36_70,104.48336267693868,27.941459305773797,1,0.0
291.06382978723406,73.63636363636363,38_70,105.20377296441376,23.6864885234582,1,0.0
306.3829787234043,73.63636363636363,40_70,107.0047984889945,19.72080932927045,1,0.0
321.70212765957444,73.63636363636363,42_70,109.71760932962498,16.27536948686903,1,0.0
337.02127659574467,73.63636363636363,44_70,113.16301696368485,13.54718619324433,1,0.0
352.3404255319149,73.63636363636363,46_70,117.14405528545032,11.693873665543634,1,0.0
0.0,78.3116883116883,0_72,120.24735714769041,15.708916912287147,1,0.0
20.571428571428573,78.3116883116883,2_72,124.54884926047353,15.536898399697494,1,0.0
41.142857142857146,78.3116883116883,4_72,128.68445354704767,16.723498437858883,1,0.0
61.714285714285715,78.3116883116883,6_72,132.22504921278954,19.141145236987242,1,0.0
82.28571428571429,78.3116883116883,8_72,134.78123249918823,22.530096344435666,1,0.0
102.85714285714286,78.3116883116883,10_72,136.017859816329,26.52070954373226,1,0.0
123.42857142857143,78.3116883116883,12_72,135.6694797493233,30.655489081265312,1,0.0
144.0,78.3116883116883,14_72,133.58920449870928,34.4126903895753,1,0.0
164.57142857142858,78.3116883116883,16_72,129.8593514366299,37.25021138284095,1,0.0
185.14285714285714,78.3116883116883,18_72,124.92929873447976,38.696599848680556,1,0.0
205.71428571428572,78.3116883116883,20_72,119.63101007042862,38.48503562542392,1,0.0
226.28571428571428,78.3116883116883,22_72,114.9356573341273,36.65581176113937,1,0.0
246.85714285714286,78.3116883116883,24_72,111.5919734156049,33.53955340508434,1,0.0
267.42857142857144,78.3116883116883,26_72,109.94799084566783,29.636934222901754,1,0.0
288.0,78.3116883116883,28_72,110.01526492306266,25.491291957140696,1,0.0
308.57142857142856,78.3116883116883,30_72,111.60951429859041,21.61116808928396,1,0.0
329.14285714285717,78.3116883116883,32_72,114.44526073701792,18.43408236747897,1,0.0
349.7142857142857,78.3116883116883,34_72,118.17284484414542,16.304386564723146,1,0.0
0.0,82.98701298701297,0_74,121.27186282021128,20.281650582212624,1,0.0
32.72727272727273,82.98701298701297,2_74,125.47108865911055,20.51040972240169,1,0.0
65.45454545454545,82.98701298701297,4_74,128.96844009588116,22.7409922194119,1,0.0
98.18181818181817,82.98701298701297,6_74,130.73601874832534,26.3408956172412,1,0.0
130.9090909090909,82.98701298701297,8_74,130.09704896737318,30.243062472956716,1,0.0
163.63636363636365,82.98701298701297,10_74,127.01641033847174,33.18915707279059,1,0.0
196.36363636363635,82.98701298701297,12_74,122.41539965273842,34.12717659581632,1,0.0
229.0909090909091,82.98701298701297,14_74,118.0125554019649,32.69885242730089,1,0.0
261.8181818181818,82.98701298701297,16_74,115.41285581726501,29.444919652730484,1,0.0
294.5454545454545,82.98701298701297,18_74,115.31948760456012,25.503297637053787,1,0.0
327.2727272727273,82.98701298701297,20_74,117.53000970331435,22.118738541950417,1,0.0
0.0,87.66233766233766,0_76,122.35872540908242,24.84806539444616,1,0.0
72.0,87.66233766233766,2_76,125.16286861800666,25.91161482274625,1,0.0
144.0,87.66233766233766,4_76,124.93792272415934,28.65192191026155,1,0.0
216.0,87.66233766233766,6_76,121.87898785849511,29.273892292228517,1,0.0
288.0,87.66233766233766,8_76,120.32111951289615,26.894672686326242,1,0.0
